Team_id,Team,Season,PP%,PK%,S%,SV%,GF/60,GA/60,SF/60,SA/60,FF/60,FA/60,CF/60,CA/60,xGF/60,xGA/60,Playoffs,PTS/82
0,Anaheim Ducks,18-19,16.98,79.7,8.6,0.909,2.09,2.38,27.58,31.59,39.75,45.56,53.32,60.47,2.26,2.77,0,80
1,Arizona Coyotes,18-19,16.28,84.96,8.3,0.913,2.05,2.41,29.99,30.49,41.65,42.98,56.24,58.93,2.35,2.41,0,86
2,Boston Bruins*,18-19,25.9,79.92,9.6,0.912,2.47,1.94,32.21,27.61,44.66,38.16,58.47,50.91,2.45,2.17,1,107
3,Buffalo Sabres,18-19,19.49,80.93,8.2,0.901,2.28,2.86,31.5,32.97,42.96,44.22,55.26,56.75,2.24,2.5,0,76
4,Calgary Flames*,18-19,19.27,79.67,10.9,0.903,2.88,2.35,31.91,27.8,44.75,39.15,60.7,51.73,2.67,2.34,1,107
5,Carolina Hurricanes*,18-19,17.81,81.59,8.6,0.906,2.48,2.32,34.04,27.89,48.95,39.69,64.94,52.46,3.07,2.43,1,99
6,Chicago Blackhawks,18-19,20.17,72.73,10,0.898,2.81,2.85,31.71,33.98,41.65,44.77,56.83,58.95,2.38,2.84,0,84
7,Colorado Avalanche*,18-19,22.03,78.68,9.6,0.907,2.44,2.44,31.96,30.8,42.62,41.95,57.62,57.6,2.36,2.37,1,90
8,Columbus Blue Jackets*,18-19,15.38,85,9.9,0.904,2.79,2.57,31.38,29.52,43.02,40.62,55.38,54.13,2.54,2.4,1,98
9,Dallas Stars*,18-19,21.03,82.77,8.3,0.923,2.12,2.03,29.68,30.5,39.8,42.07,54.17,57.53,2.4,2.32,1,93
10,Detroit Red Wings,18-19,18.06,77.14,9.4,0.901,2.26,2.68,28.08,33.05,38.8,45.31,51.99,58.96,2.24,2.73,0,74
11,Edmonton Oilers,18-19,21.17,74.8,9.6,0.896,2.25,2.72,28.29,31.42,38.89,43,52.34,57.54,2.32,2.61,0,79
12,Florida Panthers,18-19,26.77,81.3,9.8,0.891,2.48,2.86,31.11,30.59,42.11,42.23,54.75,56.3,2.33,2.56,0,86
13,Los Angeles Kings,18-19,15.84,76.52,8.4,0.9,2.11,2.52,27.41,30.89,38.97,44.19,52.49,58.86,2.24,2.49,0,71
14,Minnesota Wild,18-19,20.33,81.67,8.2,0.904,2.12,2.4,30.95,28.41,42.73,40.72,56.8,55.97,2.35,2.03,0,83
15,Montreal Canadiens,18-19,13.25,80.91,8.8,0.907,2.84,2.57,34.8,30.32,47.44,41.08,65.78,55.35,2.68,2.34,0,96
16,Nashville Predators*,18-19,12.94,82.07,8.8,0.914,2.57,2.19,32.63,29.84,44.99,40.95,59.61,54.42,2.51,2.43,1,100
17,New Jersey Devils,18-19,17.72,84.31,8.8,0.895,2.23,2.88,29.21,32.16,39.65,45.19,50.88,59.56,2.3,2.47,0,72
18,New York Islanders*,18-19,14.54,79.91,9.4,0.925,2.42,1.9,28.3,29.32,38.99,40.86,52.94,56.06,2.41,2.28,1,103
19,New York Rangers,18-19,19.38,78.2,9.2,0.904,2.23,2.67,27.96,32.83,38.27,45.64,50.35,60.92,2.41,2.72,0,78
20,Ottawa Senators,18-19,20.35,79.17,10,0.897,2.56,3.28,28.45,35.32,39.29,48.63,52.05,66.26,2.32,2.71,0,64
21,Philadelphia Flyers,18-19,17.09,78.48,9.3,0.895,2.54,2.96,29.52,32.7,40.77,44.11,54.8,60.57,2.39,2.54,0,82
22,Pittsburgh Penguins*,18-19,24.56,79.73,9.9,0.913,2.73,2.28,33.25,31.89,44.85,43.08,59.54,57.75,2.7,2.46,1,100
23,San Jose Sharks*,18-19,23.65,80.77,10.7,0.889,2.97,2.8,32.26,26.97,45.77,37.7,62.46,50.92,2.74,2.35,1,101
24,St. Louis Blues*,18-19,21.1,81.47,9.4,0.906,2.58,2.23,31.26,27.6,42.49,38.11,56.75,51.9,2.62,2.21,1,99
25,Tampa Bay Lightning*,18-19,28.24,85.02,12.2,0.916,3.24,2.47,32.83,30.37,45.08,41.16,59.93,53.98,2.61,2.3,1,128
26,Toronto Maple Leafs*,18-19,21.8,79.9,10.5,0.908,3.13,2.57,32.33,32.98,47.3,46.55,65.11,59.86,2.82,2.63,1,100
27,Vancouver Canucks,18-19,17.13,81.1,9,0.905,2.23,2.68,28.22,31.99,39.9,43.93,53.4,59.19,2.18,2.56,0,81
28,Vegas Golden Knights*,18-19,16.81,80.87,8.7,0.905,2.62,2.42,33.7,28.42,46.35,38.36,63.24,51.96,2.83,2.28,1,93
29,Washington Capitals*,18-19,20.76,78.93,11,0.904,3.01,2.41,30.16,30.73,43,43.5,57.71,57.97,2.45,2.7,1,104
30,Winnipeg Jets*,18-19,24.8,79.2,10.6,0.911,2.64,2.48,30.74,32.15,42.27,43.86,56.54,58.1,2.35,2.55,1,99
31,Anaheim Ducks*,17-18,17.76,83.21,9.3,0.923,2.43,2.09,29.81,30.78,42.27,43.85,56.18,58,2.49,2.59,1,101
32,Arizona Coyotes,17-18,16.87,79.46,8.4,0.905,2.16,2.48,28.39,31.7,40.33,46.51,55.8,61.33,2.21,2.55,0,70
33,Boston Bruins*,17-18,23.64,83.67,9.9,0.912,2.57,2.15,31.98,27.5,44.76,38.48,59.58,51.07,2.5,2.13,1,112
34,Buffalo Sabres,17-18,19.07,77.87,7.7,0.896,1.84,2.78,28.98,32.7,38.73,44.66,50.04,58.03,1.97,2.36,0,62
35,Calgary Flames,17-18,15.99,81.78,7.8,0.905,2.34,2.52,32.98,30.06,47.86,42.51,63.71,56.31,2.66,2.45,0,84
36,Carolina Hurricanes,17-18,18.41,77.49,8.1,0.893,2.34,2.7,32.61,28.74,45.91,40.19,62.62,52.3,2.61,2.35,0,83
37,Chicago Blackhawks,17-18,15.99,79.24,8.2,0.906,2.45,2.67,33.42,32.61,44.69,43.57,63.49,58.63,2.58,2.66,0,76
38,Colorado Avalanche*,17-18,21.96,83.27,10.5,0.914,2.44,2.39,29.14,32.27,40.05,44.53,55.17,59.94,2.09,2.38,1,95
39,Columbus Blue Jackets*,17-18,17.18,76.17,8.5,0.912,2.58,2.23,33.34,30.37,45.72,41.18,59.56,55.86,2.68,2.52,1,97
40,Dallas Stars,17-18,19.26,80.78,9,0.909,2.38,2.1,29.79,28.25,41.27,39.23,57.07,54.61,2.45,2.12,0,92
41,Detroit Red Wings,17-18,17.52,77.61,8.5,0.903,2.23,2.59,29.42,31.2,41.12,42.48,53.34,56.48,2.31,2.46,0,73
42,Edmonton Oilers,17-18,14.76,76.73,8.4,0.901,2.49,2.62,31.98,32.09,44.47,43.59,58.89,59.32,2.73,2.66,0,78
43,Florida Panthers,17-18,18.88,80.18,8.7,0.914,2.53,2.55,32.94,33.19,44.95,44.67,57.56,59,2.41,2.56,0,96
44,Los Angeles Kings*,17-18,20.42,85,9.3,0.92,2.41,2.15,29.55,29.67,41.46,42.14,55.73,56.15,2.25,2.45,1,98
45,Minnesota Wild*,17-18,20.42,81.25,10.1,0.911,2.45,2.26,29.78,29.77,39.63,42.03,52.42,57.31,2.28,2.02,1,101
46,Montreal Canadiens,17-18,21.31,74.14,7.7,0.903,1.99,2.48,31.26,31.33,42.34,42.88,58.72,59.37,2.51,2.43,0,71
47,Nashville Predators*,17-18,21.17,81.94,9.9,0.923,2.66,1.99,32.27,30.5,45.08,41.13,60.88,55,2.51,2.39,1,117
48,New Jersey Devils*,17-18,21.43,81.78,9.3,0.908,2.47,2.57,30.88,30.9,42.22,43.87,54.56,57.69,2.46,2.45,1,97
49,New York Islanders,17-18,23.2,73.19,10.1,0.9,2.68,2.93,29.97,34.45,40.77,46.94,55.5,62.46,2.44,2.77,0,80
50,New York Rangers,17-18,21.16,81.38,9,0.909,2.28,2.74,29.49,35.41,39.93,47.89,52.2,63.45,2.55,2.85,0,77
51,Ottawa Senators,17-18,16.53,76.17,8.7,0.895,2.33,3.01,29.23,32.96,40.37,45.7,54.29,62.99,2.18,2.56,0,67
52,Philadelphia Flyers*,17-18,20.69,75.78,9.5,0.904,2.44,2.28,30.25,29.25,41.3,41.44,54.93,56.15,2.37,2.37,1,98
53,Pittsburgh Penguins*,17-18,26.15,80,9.6,0.903,2.58,2.68,34.02,30.17,46.07,40.96,60.36,55.42,2.73,2.47,1,100
54,San Jose Sharks*,17-18,20.62,84.82,9.1,0.909,2.37,2.54,31.26,29.15,44.33,40.91,60.86,57.81,2.55,2.4,1,100
55,St. Louis Blues,17-18,15.45,79.65,8.3,0.909,2.42,2.19,31.9,29.05,43.95,39.07,59.07,54.77,2.33,2.14,0,94
56,Tampa Bay Lightning*,17-18,23.91,76.03,10.8,0.913,3.1,2.33,32.78,31.31,45.63,41.6,60.64,54.71,2.56,2.2,1,113
57,Toronto Maple Leafs*,17-18,25,81.39,10.2,0.917,2.78,2.38,31.18,32.58,43.87,45.32,59.74,58.38,2.67,2.59,1,105
58,Vancouver Canucks,17-18,21.46,78.26,8.8,0.902,2.12,2.54,28.72,31.93,39.46,44.19,52.07,58.51,2.15,2.52,0,73
59,Vegas Golden Knights*,17-18,21.37,81.43,10,0.911,2.73,2.37,31.97,29.74,44.25,41.62,59.6,55.46,2.47,2.38,1,109
60,Washington Capitals*,17-18,22.54,80.3,10.8,0.909,2.63,2.37,28.08,30.54,40.38,44.28,54.88,58.61,2.36,2.62,1,105
61,Winnipeg Jets*,17-18,23.36,81.75,10.3,0.917,2.76,2.28,32.11,29.41,44.68,40.52,59.89,54.32,2.54,2.23,1,114
62,Anaheim Ducks*,16-17,18.73,84.7,9.1,0.919,2.3,2.12,29,28.2,41.01,40.64,54.2,54.48,2.49,2.27,1,105
63,Arizona Coyotes,16-17,16.17,77.31,8.4,0.908,2.03,2.57,27.42,33.64,38.67,48.35,51.45,62.79,2.02,2.8,0,70
64,Boston Bruins*,16-17,21.72,85.71,8.5,0.905,2.26,2.31,32.41,26.17,45.4,36.7,60.04,49.74,2.43,2.01,1,95
65,Buffalo Sabres,16-17,24.46,77.64,8,0.918,1.9,2.37,29.35,32.68,39.94,44.38,52.02,57.83,2.11,2.32,0,78
66,Calgary Flames*,16-17,20.16,81.59,9.3,0.907,2.28,2.24,28.6,27.87,39.36,39.22,53.72,52.71,2.19,2.3,1,94
67,Carolina Hurricanes,16-17,17.75,84.16,8.5,0.901,2.15,2.58,29.22,28.86,41.31,40.71,56.25,53.72,2.52,2.45,0,87
68,Chicago Blackhawks*,16-17,18.03,77.73,9.6,0.918,2.52,2.12,29.95,30.44,40.21,40.41,55.79,55.04,2.39,2.44,1,109
69,Colorado Avalanche,16-17,12.55,76.64,7.2,0.894,1.82,2.91,27.62,31.62,38.64,42.49,52.43,55.54,1.9,2.32,0,48
70,Columbus Blue Jackets*,16-17,19.91,82.51,9.7,0.922,2.65,2,31.22,29.39,41.95,40.75,56.06,54.83,2.54,2.43,1,108
71,Dallas Stars,16-17,17.9,73.9,8.9,0.893,2.27,2.49,29.76,29.09,42.43,41.71,58.04,58.02,2.48,2.59,0,79
72,Detroit Red Wings,16-17,15.08,80.85,8.5,0.903,2.18,2.57,27.81,29.7,38.59,41.29,50.26,53.81,2.2,2.41,0,79
73,Edmonton Oilers*,16-17,22.86,80.72,9.5,0.914,2.49,2.11,30.08,28.63,41.12,39.26,54.94,54.57,2.59,2.44,1,103
74,Florida Panthers,16-17,16.98,85.31,7.8,0.911,2.08,2.54,30.43,31.38,41.68,41.42,53.94,52.86,2.18,2.39,0,81
75,Los Angeles Kings,16-17,19.09,84.49,7.8,0.905,2.04,2.1,30.6,25.38,44.14,36.49,59.83,49.17,2.46,2.16,0,86
76,Minnesota Wild*,16-17,20.98,82.95,10.4,0.916,2.76,2.27,30.24,29.6,41.19,41.22,54.1,55.4,2.41,1.91,1,106
77,Montreal Canadiens*,16-17,19.57,81.12,9.1,0.918,2.37,1.98,30.62,28.83,42.53,38.73,58.8,53.3,2.46,2.22,1,103
78,Nashville Predators*,16-17,18.92,80.91,9.3,0.911,2.42,2.2,30.94,29.38,42.68,41.31,57.54,54.89,2.32,2.17,1,94
79,New Jersey Devils,16-17,17.53,79.69,7.9,0.906,1.8,2.33,27.39,30.62,37.72,41.5,48.67,53.89,2.14,2.38,0,70
80,New York Islanders,16-17,14.96,82.38,9.6,0.909,2.7,2.58,29.8,31.14,40.45,43.96,54.89,60.26,2.49,2.66,0,94
81,New York Rangers*,16-17,20.26,79.91,10.4,0.912,2.57,2.27,28.52,29.85,40.12,41.76,52.86,57.02,2.45,2.51,1,102
82,Ottawa Senators*,16-17,16.93,79.76,8.4,0.915,2.05,2.2,29.56,29.39,40.15,41.92,54.8,58,2.22,2.31,1,98
83,Philadelphia Flyers,16-17,19.49,79.76,8.2,0.901,2.01,2.33,29.56,28.17,41.51,38.94,57.71,54.86,2.3,2.3,0,88
84,Pittsburgh Penguins*,16-17,23.08,79.77,10.1,0.914,2.88,2.34,32.96,31.37,43.6,41.87,57.7,57.76,2.82,2.57,1,111
85,San Jose Sharks*,16-17,16.67,80.66,8.9,0.912,2.32,2.07,28.93,26.82,42.02,38.68,58,55.24,2.46,2.26,1,99
86,St. Louis Blues*,16-17,21.28,84.79,10,0.907,2.38,2.21,28.11,27.62,38.92,38.22,52.12,51.83,2.13,2.08,1,99
87,Tampa Bay Lightning,16-17,22.79,81.4,9.4,0.91,2.21,2.27,29.08,29.43,41.42,40.4,55.11,52.34,2.25,2.16,0,94
88,Toronto Maple Leafs*,16-17,23.36,82.47,9.6,0.912,2.59,2.47,30.83,31.52,44.68,44.92,59.79,58.56,2.77,2.64,1,95
89,Vancouver Canucks,16-17,14.1,76.68,7.8,0.907,1.93,2.4,27.19,31.03,37.06,42.12,50.49,54.81,2.07,2.48,0,69
90,Washington Capitals*,16-17,22.98,83.82,10.5,0.922,2.74,1.78,29.73,27.64,41.3,39.22,55.89,52.14,2.35,2.28,1,118
91,Winnipeg Jets,16-17,18.18,77.45,10,0.9,2.52,2.53,28.68,30.01,39.4,40.4,52.29,53.98,2.41,2.3,0,87
92,Anaheim Ducks*,15-16,22.86,87.24,8.7,0.917,2.03,2.08,29.56,26.57,42.36,37.37,56.3,51.09,2.38,2.1,1,103
93,Arizona Coyotes,15-16,17.67,77.3,9.2,0.904,2.11,2.28,26.83,30.72,38.02,44.21,51.4,58.35,2.01,2.31,0,78
94,Boston Bruins,15-16,20.51,82.22,9,0.908,2.42,2.35,31.21,30.18,41.73,42.31,55.04,56.04,2.17,2.23,0,93
95,Buffalo Sabres,15-16,18.9,82.57,8.2,0.914,1.84,2.26,27.78,29.95,37.77,41.93,49.97,55.2,1.97,2.16,0,81
96,Calgary Flames,15-16,17.04,75.64,9.5,0.892,2.37,2.55,28.24,28.6,38.73,40.88,53.26,57.19,2.26,2.34,0,77
97,Carolina Hurricanes,15-16,16.81,84.31,8,0.902,2.01,2.43,28.57,27.6,40.67,39.64,54.65,51.79,2.41,2.44,0,86
98,Chicago Blackhawks*,15-16,22.62,80.26,9.4,0.918,2.14,2.17,29.99,29.81,40.23,40.16,55.4,54.14,2.24,2.37,1,103
99,Colorado Avalanche,15-16,18.05,80.23,9,0.909,2.12,2.35,27.41,32.05,37.11,45,49.11,62.21,1.92,2.48,0,82
100,Columbus Blue Jackets,15-16,17.34,81,8.9,0.903,2.22,2.46,28.74,29.95,39.2,41.44,52.58,56.69,2.58,2.47,0,76
101,Dallas Stars*,15-16,22.14,82.26,10.1,0.904,2.54,2.41,31.28,28.36,45.09,40.97,61.3,55.5,2.68,2.43,1,109
102,Detroit Red Wings*,15-16,18.8,81.55,8.6,0.91,2.09,2.19,28.98,29.06,40.05,39.29,52.96,48.98,2.35,2.31,1,93
103,Edmonton Oilers,15-16,18.14,80.71,8.3,0.905,2.07,2.58,28.62,30.21,39.44,42.06,54.34,56.76,2.37,2.47,0,70
104,Florida Panthers*,15-16,16.91,79.48,9.8,0.917,2.47,1.92,28.12,28.48,38.12,39.38,48.42,50.43,2.12,2.13,1,103
105,Los Angeles Kings*,15-16,20,81.4,8.5,0.915,2.3,1.87,31.82,26.08,46.87,36.37,62.54,48.06,2.54,2.12,1,102
106,Minnesota Wild*,15-16,18.53,77.94,9,0.913,2.07,2.02,27.26,28.03,37.86,40.38,50.23,55.29,2.07,2.07,1,87
107,Montreal Canadiens,15-16,16.22,81.89,8.6,0.903,2.28,2.37,30.19,28.66,41,39.12,56.48,53.39,2.29,2.25,0,82
108,Nashville Predators*,15-16,19.69,81.22,8.9,0.905,2.15,2.21,29.52,26.85,41.5,36.41,55.77,50.97,2.18,1.97,1,96
109,New Jersey Devils,15-16,19.92,82.95,9.1,0.914,1.72,2.02,23.48,27.34,32.65,37.02,42.33,49.49,1.94,2.14,0,84
110,New York Islanders*,15-16,18.78,84.48,9.4,0.915,2.36,2.21,28.42,29.61,39.98,40.67,55.02,56.41,2.43,2.53,1,100
111,New York Rangers*,15-16,18.58,78.19,10,0.914,2.43,2.01,27.15,29.58,38.28,41.77,51.41,57.27,2.32,2.58,1,101
112,Ottawa Senators,15-16,15.9,75.89,9.9,0.91,2.34,2.22,27.69,31.8,38.43,43.46,52.89,58,2.22,2.42,0,85
113,Philadelphia Flyers*,15-16,18.93,80.53,8.3,0.917,2.09,2,29.44,30.32,41.29,40.69,57.6,56.37,2.29,2.38,1,96
114,Pittsburgh Penguins*,15-16,18.39,84.44,8.9,0.918,2.5,2.07,32.6,28.66,43.67,38.68,58.24,51.9,2.61,2.06,1,104
115,San Jose Sharks*,15-16,22.55,80.51,9.5,0.908,2.26,2.01,29.05,26.14,40.97,36.37,55.46,52.04,2.45,1.97,1,98
116,St. Louis Blues*,15-16,21.52,85.14,8.9,0.919,2.21,1.91,30.63,27.94,41.88,38.13,55.74,51.44,2.37,2.19,1,107
117,Tampa Bay Lightning*,15-16,15.77,84.05,9.3,0.916,2.35,1.99,29.2,27.98,41.14,39.03,55.33,51.14,2.1,2.01,1,97
118,Toronto Maple Leafs,15-16,15.44,81.62,7.6,0.904,1.87,2.53,29.44,30.98,43.1,43.47,58.6,55.83,2.32,2.33,0,69
119,Vancouver Canucks,15-16,15.79,81.12,8,0.91,1.88,2.38,27.37,31.3,37.25,42.89,49.67,55.7,2.03,2.6,0,75
120,Washington Capitals*,15-16,21.91,85.16,9.9,0.918,2.55,2.01,30.01,27.41,41.34,38.95,56.13,53.72,2.34,2.15,1,120
121,Winnipeg Jets,15-16,14.79,78.37,8.7,0.903,2.26,2.22,29.54,28.06,40.9,38.72,55.23,52.11,2.41,2.36,0,78
122,Anaheim Ducks*,14-15,15.68,81.02,9.3,0.907,2.47,2.22,28.93,27.93,42.29,39.7,55.97,53.33,2.36,2.2,1,109
123,Arizona Coyotes,14-15,20,76.7,6.9,0.902,1.59,2.66,27.71,32,39.25,44.75,53.53,59.78,1.98,2.44,0,56
124,Boston Bruins,14-15,17.84,81.97,8.2,0.918,2.16,2.05,30.04,28.57,41.39,39.34,56.34,51.38,2.16,1.99,0,96
125,Buffalo Sabres,14-15,13.39,75.1,7.7,0.908,1.62,2.61,22.74,35.65,30.33,49.9,39.14,68.53,1.69,2.63,0,54
126,Calgary Flames*,14-15,18.82,80.65,10.5,0.911,2.34,2.35,25.38,29.71,35.69,42.74,49.63,62.91,2.04,2.35,1,97
127,Carolina Hurricanes,14-15,18.75,84.74,7.3,0.902,1.82,2.44,29.5,27.45,41.39,39.41,55.31,52.79,2.32,2.35,0,71
128,Chicago Blackhawks*,14-15,17.69,83.41,7.9,0.925,2.25,1.92,33.15,29.69,44.16,39.07,60.79,51.71,2.4,2.28,1,102
129,Colorado Avalanche,14-15,14.98,84.65,9.1,0.918,2.25,2.44,26.74,32.45,35.42,45.44,47.38,62.66,1.88,2.54,0,90
130,Columbus Blue Jackets,14-15,21.72,80.2,9.6,0.91,2.25,2.54,27.98,32.14,37.84,43.39,49.67,56.55,2.11,2.35,0,89
131,Dallas Stars,14-15,18.97,80.71,10,0.895,2.72,2.7,31.03,29.15,45.48,41.22,61.77,56.2,2.65,2.39,0,92
132,Detroit Red Wings*,14-15,23.81,80.9,9.5,0.909,2.12,1.97,28.25,26.5,39,35.53,52.87,45.59,2.15,2,1,100
133,Edmonton Oilers,14-15,17.67,76.71,8.3,0.888,1.91,2.93,26.93,30.15,37.75,42.9,51.74,58,2.05,2.61,0,62
134,Florida Panthers,14-15,16.26,80,7.9,0.912,2.09,2.13,29.91,28.22,40.54,39.23,53.27,51.05,2.15,2,0,91
135,Los Angeles Kings,14-15,19.03,80.93,8.6,0.911,2.29,1.93,30.9,25.64,44.38,36.6,59.75,47.51,2.38,2.03,0,95
136,Minnesota Wild*,14-15,15.85,86.32,9,0.913,2.51,2.28,29.85,27.27,41.35,38.05,54.95,52.67,2.27,1.9,1,100
137,Montreal Canadiens*,14-15,16.53,83.66,9.2,0.926,2.24,1.88,27.97,29.32,38.75,40.49,53.96,57.33,2.18,2.28,1,110
138,Nashville Predators*,14-15,16.22,80.77,8.6,0.913,2.54,1.9,31.49,27.65,43.64,38.33,59.02,52.3,2.3,1.94,1,104
139,New Jersey Devils,14-15,19.34,80.6,8.8,0.917,1.73,1.93,24.38,29.07,33.68,38.97,44.95,50.85,1.96,2.16,0,78
140,New York Islanders*,14-15,18.73,77.88,8.8,0.903,2.52,2.31,32.74,27.6,45.43,38.16,61.81,54.24,2.96,2.43,1,101
141,New York Rangers*,14-15,16.81,84.26,9.6,0.923,2.71,2,30.8,29.08,41.57,41.1,55.57,54.5,2.52,2.41,1,113
142,Ottawa Senators*,14-15,16.79,82.88,9.1,0.921,2.35,2.27,29.45,31.47,40.47,42.2,55.85,54.67,2.33,2.22,1,99
143,Philadelphia Flyers,14-15,23.44,77.07,8.8,0.91,1.99,2.1,27.67,29.57,38.56,40.89,53.37,55.87,2.06,2.26,0,84
144,Pittsburgh Penguins*,14-15,19.29,84.84,8.4,0.915,2.28,2.08,31.21,27.01,42.49,36.44,57.31,49.11,2.32,2.07,1,98
145,San Jose Sharks,14-15,21.65,78.48,8.6,0.907,2.1,2.33,29.78,28.95,42.83,40.78,59.59,56.2,2.43,2.3,0,89
146,St. Louis Blues*,14-15,22.31,83.66,9.4,0.912,2.48,2.03,30.37,26.39,42.46,36.69,55.86,50.52,2.35,2,1,109
147,Tampa Bay Lightning*,14-15,18.79,83.66,10.7,0.91,2.74,2.1,30.83,26.09,42.06,36.55,56.5,49.03,2.36,1.97,1,108
148,Toronto Maple Leafs,14-15,15.9,80.45,8.6,0.906,2.09,2.67,27.57,33.17,38.61,46.68,51.02,61.63,2.08,2.63,0,68
149,Vancouver Canucks*,14-15,19.33,85.71,9.6,0.91,2.34,2.41,29.26,29.21,40.09,40.05,53.07,54.72,2.15,2.39,1,101
150,Washington Capitals*,14-15,25.32,81.2,9.8,0.916,2.36,1.99,28.45,26.68,40.65,37.23,56.26,51.77,2.27,1.99,1,101
151,Winnipeg Jets*,14-15,17.84,81.82,9.1,0.913,2.32,1.98,29.69,26.8,41.59,37.02,57.15,49.43,2.5,2.24,1,99
152,Anaheim Ducks*,13-14,16,82.22,10.2,0.914,2.98,2.07,30.53,27.9,42.26,40.6,55.65,54.4,2.52,2.3,1,116
153,Boston Bruins*,13-14,21.74,83.65,9.9,0.928,2.66,1.62,31.96,27.36,44.29,37.07,59.92,48.76,2.31,1.92,1,117
154,Buffalo Sabres,13-14,14.06,81.39,7,0.914,1.46,2.57,24.73,34.26,33.64,47.48,44.89,63.61,1.82,2.55,0,52
155,Calgary Flames,13-14,15.66,81.7,9.2,0.899,2.1,2.61,25.84,28.66,36.46,40.53,49.46,58.57,1.97,2.32,0,77
156,Carolina Hurricanes,13-14,14.59,81.74,8,0.911,2.08,2.35,30.3,30.97,42.79,43.88,57.83,57.94,2.43,2.54,0,83
157,Chicago Blackhawks*,13-14,19.46,81.45,9.6,0.905,2.75,2.22,32.83,25.67,43.66,34.43,59.29,46.29,2.49,1.96,1,107
158,Colorado Avalanche*,13-14,19.84,80.72,10.1,0.919,2.56,2.23,28.77,31.33,38.96,44.07,52.32,58.41,2.14,2.42,1,112
159,Columbus Blue Jackets*,13-14,19.29,82.14,9.3,0.915,2.28,2.17,29.09,29.13,39.61,38.74,53.19,51.67,2.07,1.92,1,93
160,Dallas Stars*,13-14,15.86,81.37,8.9,0.911,2.44,2.33,30.23,29.2,43.1,41.59,57.76,56.22,2.47,2.46,1,91
161,Detroit Red Wings*,13-14,17.73,83.05,8.8,0.908,2.3,2.29,29.05,28.22,40.05,37.34,52.15,48.25,2.09,2.06,1,93
162,Edmonton Oilers,13-14,16.97,82.14,9,0.901,2.1,2.86,25.69,32.7,35.47,46.41,47.69,62.16,2.11,2.65,0,67
163,Florida Panthers,13-14,10.04,75.95,7.7,0.897,2.11,2.73,28.8,30.71,39.98,41.55,52.15,54.15,2.2,2.35,0,66
164,Los Angeles Kings*,13-14,15.14,83.11,7.6,0.922,2.05,1.61,31.52,24.76,45.87,35.32,61.98,46.03,2.46,1.98,1,100
165,Minnesota Wild*,13-14,17.86,78.8,9.1,0.913,2.01,1.81,25.72,26.46,35.88,37.63,48.23,51.18,1.86,1.83,1,98
166,Montreal Canadiens*,13-14,17.2,85.12,9,0.921,2.15,2.12,27.86,30.4,39.29,42.24,53.21,59.92,2.23,2.4,1,100
167,Nashville Predators,13-14,19.25,80.25,9,0.902,2.27,2.57,28.7,28.59,39.08,39.9,51.24,54.55,2.1,1.96,0,88
168,New Jersey Devils,13-14,19.5,86.36,9,0.907,1.92,2.04,26.38,24.09,36.87,32.08,49.44,41.45,2.2,1.78,0,88
169,New York Islanders,13-14,17.75,78.11,8.5,0.894,2.16,2.65,29.36,29.99,39.96,42.42,54.55,57.92,2.54,2.62,0,79
170,New York Rangers*,13-14,18.18,85.34,7.9,0.921,2.18,2.05,32.55,28.82,44.32,39.94,58.82,53.48,2.56,2.42,1,96
171,Ottawa Senators,13-14,18.45,80.94,8.5,0.909,2.4,2.65,32.7,33.77,46.05,45.33,61.09,56.99,2.34,2.55,0,88
172,Philadelphia Flyers*,13-14,19.73,84.81,9.4,0.909,2.31,2.36,29.02,30.93,40.89,41.86,56.68,56.27,2.21,2.21,1,94
173,Phoenix Coyotes,13-14,19.86,79.04,8.4,0.912,2.1,2.11,29.39,29.6,40.8,40.89,55.23,54.07,2.04,2.29,0,89
174,Pittsburgh Penguins*,13-14,23.38,85.04,9.9,0.913,2.36,2.24,28.67,27.13,38.89,38.95,52.01,53.1,2.07,2,1,109
175,San Jose Sharks*,13-14,17.18,84.93,8.4,0.915,2.42,2.07,33.08,26.98,46.77,37.93,63.45,52.78,2.73,2,1,111
176,St. Louis Blues*,13-14,19.79,85.67,10,0.913,2.48,1.98,29.23,25.56,41.83,35.48,56.17,48.52,2.25,1.91,1,111
177,Tampa Bay Lightning*,13-14,18.52,80.74,9.5,0.913,2.37,1.98,29.92,27.58,42.08,39.46,55.22,52.38,2.19,2.12,1,101
178,Toronto Maple Leafs,13-14,19.84,78.36,9.7,0.914,2.21,2.51,26.59,35.31,36.8,51.2,49.56,67.18,2.01,2.69,0,84
179,Vancouver Canucks,13-14,15.18,83.21,7.6,0.907,2.13,2.19,29.63,28.28,41.95,39.26,56.78,54.15,2.21,2.23,0,83
180,Washington Capitals,13-14,23.37,82.04,9.3,0.917,2.1,2.35,27.12,31.58,38.07,43.04,51.9,57.5,2.08,2.34,0,90
181,Winnipeg Jets,13-14,15.44,83.16,8.7,0.907,2.39,2.47,30.15,29.75,42.12,41.34,56.53,56.59,2.49,2.45,0,84
182,Anaheim Ducks*,12-13,21.48,81.48,9.9,0.914,2.23,1.88,26.66,26.73,37.27,39.55,50.98,55,2.15,2.18,1,112.75
183,Boston Bruins*,12-13,14.75,87.12,8.2,0.923,2.37,1.91,33.18,27.63,46.25,37.77,63.07,50.64,2.45,2.12,1,105.9166667
184,Buffalo Sabres,12-13,14.11,79.21,8.8,0.913,2.11,2.32,26.8,32.44,36.03,44.93,48.08,59.56,1.93,2.48,0,82
185,Calgary Flames,12-13,20,81.46,9.9,0.889,2.14,3.07,26.54,29.77,36.93,41.99,49.77,56.96,2.22,2.39,0,71.75
186,Carolina Hurricanes,12-13,14.55,77.64,8.2,0.897,2.31,2.84,31.65,31.81,44.65,44.96,60.72,59.31,2.61,2.87,0,71.75
187,Chicago Blackhawks*,12-13,16.67,87.23,10,0.923,2.85,1.74,31.77,24.8,42.49,32.89,57,45.32,2.41,2,1,131.5416667
188,Colorado Avalanche,12-13,15,80.33,8.1,0.901,2.12,2.64,28.84,30.77,39.25,43.06,52.86,59.29,2.14,2.39,0,66.625
189,Columbus Blue Jackets,12-13,14.19,82.64,9,0.92,2.16,2.04,25.5,29.71,34.39,40.09,48.02,53.17,1.78,2.09,0,93.95833333
190,Dallas Stars,12-13,16.96,81.01,10.2,0.905,2.49,2.48,26.03,30.06,37.79,42.57,53.23,56.06,2.2,2.55,0,82
191,Detroit Red Wings*,12-13,18.38,81.71,8.4,0.917,2.02,1.8,29.77,26.71,41.84,35.71,55.55,47.05,2.28,2.03,1,95.66666667
192,Edmonton Oilers,12-13,20.12,83.43,9.6,0.917,2.09,2.48,26.32,32.56,36.7,45.3,48.55,61.09,2.13,2.68,0,76.875
193,Florida Panthers,12-13,20.42,74.17,7.8,0.887,1.62,3.08,27.5,31.64,37.92,43.05,50.34,56.42,1.98,2.41,0,61.5
194,Los Angeles Kings*,12-13,19.88,83.23,9.2,0.905,2.25,2.03,30.21,24.07,43.64,33.94,57.88,43.71,2.38,1.87,1,100.7916667
195,Minnesota Wild*,12-13,17.88,80.74,8.5,0.904,2.09,2.38,27.24,27.01,37.13,38.04,49.99,51.02,2.1,1.93,1,93.95833333
196,Montreal Canadiens*,12-13,20.69,79.77,9.9,0.904,2.62,2.2,30.08,26.6,42.32,36.32,58.71,50.92,2.3,1.89,1,107.625
197,Nashville Predators,12-13,17.14,75.54,8.8,0.9,1.93,2.17,24.69,27.74,33.98,39.12,45.37,53.88,1.97,1.98,0,70.04166667
198,New Jersey Devils,12-13,15.91,81.07,8.1,0.89,1.64,1.98,26.43,22.94,37.66,30.73,50.31,40.75,2.15,1.77,0,82
199,New York Islanders*,12-13,19.87,80.28,9.1,0.899,2.36,2.48,30.29,27.12,40.99,39.27,56.03,55.24,2.63,2.42,1,93.95833333
200,New York Rangers*,12-13,15.69,81.08,8.5,0.92,2.33,1.71,31.23,26.93,43.14,38.08,57.98,54.38,2.61,2.31,1,95.66666667
201,Ottawa Senators*,12-13,15.92,88.02,7,0.933,1.91,1.92,32.74,30.07,45.19,40.77,61.92,53.59,2.39,2.14,1,95.66666667
202,Philadelphia Flyers,12-13,21.64,85.87,9.5,0.899,2.28,2.62,28.34,28.91,39.19,41.96,53.58,58.12,2.15,2.35,0,83.70833333
203,Phoenix Coyotes,12-13,14.79,79.88,8.2,0.915,2.22,2.18,31.03,30.2,43.64,42.2,57.62,55.93,2.28,2.35,0,87.125
204,Pittsburgh Penguins*,12-13,24.71,79.64,11.3,0.915,2.88,1.89,30.03,28.79,41.29,39.78,55.46,54.87,2.29,2.08,1,123
205,San Jose Sharks*,12-13,20.12,85.03,7.6,0.919,1.92,2.02,30.05,27.9,42.98,39.61,58.72,55.79,2.43,2.1,1,97.375
206,St. Louis Blues*,12-13,19.46,84.67,9.3,0.902,2.26,2.04,27.52,24.06,38.34,34.03,51.6,47.48,2,1.96,1,102.5
207,Tampa Bay Lightning,12-13,19.02,80.65,11.1,0.899,2.73,2.61,27.29,30.54,37.59,43.26,49.66,57.27,2.06,2.2,0,68.33333333
208,Toronto Maple Leafs*,12-13,18.67,87.9,11.5,0.917,2.75,2.46,26.4,32.38,37.69,46.17,51.99,63.3,2.03,2.4,1,97.375
209,Vancouver Canucks*,12-13,15.76,84.02,9,0.917,2.22,2.08,27.97,28.28,39.21,37.66,53.6,49.09,2.18,2.18,1,100.7916667
210,Washington Capitals*,12-13,26.83,77.91,10.8,0.916,2.4,2.21,27.92,31,39.06,41.11,53.98,56.48,2.22,2.28,1,97.375
211,Winnipeg Jets,12-13,13.79,79.71,9.1,0.901,2.44,2.53,28.35,29.53,41.14,42.13,56.29,57.45,2.4,2.46,0,87.125
212,Anaheim Ducks,11-12,16.61,81.98,8.8,0.905,2.11,2.4,26.29,28.69,37.99,40.9,50.72,54.78,2.13,2.35,0,80
213,Boston Bruins*,11-12,17.2,83.46,9.8,0.918,2.91,2.16,32.43,28.61,44.72,38.29,60.68,50.87,2.34,1.99,1,102
214,Buffalo Sabres,11-12,17.05,81.71,8.8,0.913,2.27,2.23,28.28,30.04,38.76,41.78,52.4,54.48,2.11,2.28,0,89
215,Calgary Flames,11-12,17.69,84.33,8.8,0.914,2.06,2.22,26.75,30.09,36.84,42.01,50.31,55.5,2.14,2.19,0,90
216,Carolina Hurricanes,11-12,16.67,80.56,8.5,0.911,2.09,2.51,29.11,31.77,41.12,44.55,56.01,59.55,2.41,2.71,0,82
217,Chicago Blackhawks*,11-12,15.16,78.11,9.3,0.901,2.48,2.49,30.94,27.78,42.27,37.8,56.42,50.24,2.41,2.2,1,101
218,Colorado Avalanche,11-12,18.39,83.03,7.7,0.91,2.12,2.19,30.56,29.5,41.39,41.15,56.24,54.25,2.22,2.22,0,88
219,Columbus Blue Jackets,11-12,15.46,76.64,8.1,0.899,1.98,2.59,27.59,31.22,37.04,41.4,48.49,54.77,2.01,2.12,0,65
220,Dallas Stars,11-12,13.52,82.84,8.8,0.914,2.23,2.29,28.62,29.7,40.67,41.56,54.77,56.69,2.05,2.21,0,89
221,Detroit Red Wings*,11-12,16.11,81.75,9.1,0.91,2.71,1.9,32.03,26.17,43.6,35.64,57.15,46.57,2.4,2.01,1,102
222,Edmonton Oilers,11-12,20.61,82.43,9.5,0.908,2.12,2.38,26.65,30.18,37.6,41.6,50.21,56.94,2.26,2.64,0,74
223,Florida Panthers*,11-12,18.53,79.5,8.1,0.914,1.82,2.22,28.17,30.03,38.85,40.25,51.5,53.3,1.93,2.18,1,94
224,Los Angeles Kings*,11-12,16.96,87.03,7.5,0.924,1.82,1.87,30.85,26.03,44.29,38.05,60.03,49.23,2.29,2.06,1,95
225,Minnesota Wild,11-12,15.12,82.11,7.6,0.916,1.56,2.24,25.16,30.76,34.86,44.08,46.91,60.85,1.95,2.2,0,81
226,Montreal Canadiens,11-12,14.29,88.57,8.8,0.912,2.19,2.32,27.26,29.61,37.73,41.12,52.79,57.24,2.05,2.23,0,78
227,Nashville Predators*,11-12,21.6,83.61,10.3,0.919,2.31,2.24,27.32,29.99,37.13,41.3,49.06,55.55,2.12,2.13,1,104
228,New Jersey Devils*,11-12,17.23,89.58,9.6,0.907,2.11,2.19,26.25,25.81,35.2,34.15,46.26,44.74,2.09,1.9,1,102
229,New York Islanders,11-12,18.52,80.51,8.1,0.898,1.9,2.62,28.38,29.41,38.65,41.12,51.87,58.05,2.44,2.55,0,79
230,New York Rangers*,11-12,15.71,86.15,9.5,0.92,2.36,1.95,27.96,27.22,38.22,38.15,50.47,53.79,2.58,2.39,1,109
231,Ottawa Senators*,11-12,18.15,81.61,9.4,0.91,2.45,2.46,30.88,30.93,43.01,42.37,59.09,55.44,2.31,2.47,1,92
232,Philadelphia Flyers*,11-12,19.7,81.82,9.8,0.903,2.75,2.25,31.14,28.46,42.55,40.18,57.64,54.89,2.64,2.39,1,103
233,Phoenix Coyotes*,11-12,13.55,85.54,8.6,0.925,2.36,2.11,29.82,30.52,41.96,43.02,55.99,55.77,2.32,2.42,1,97
234,Pittsburgh Penguins*,11-12,19.72,87.78,9.8,0.903,2.9,2.43,33.23,26.63,45.7,37.01,61.09,49.59,2.53,2.16,1,108
235,San Jose Sharks*,11-12,21.11,76.89,7.9,0.912,2.11,2.01,32.14,28.07,44.25,39.03,59.33,55.05,2.41,2.06,1,96
236,St. Louis Blues*,11-12,16.73,85.82,8.2,0.929,2.07,1.53,30.7,25.7,43.43,35.69,57.32,48.4,2.43,1.97,1,109
237,Tampa Bay Lightning,11-12,15.24,79.23,10.4,0.889,2.63,2.85,26.36,29.68,36.44,41.49,49.25,57.19,2.09,2.31,0,84
238,Toronto Maple Leafs,11-12,18.35,77.27,9.8,0.898,2.42,2.72,27.4,30.35,39.28,43.38,54.91,58.2,2.27,2.47,0,80
239,Vancouver Canucks*,11-12,19.79,86.01,9.3,0.924,2.47,2.05,30.71,29.45,42.43,38.51,58.31,50.15,2.19,2.29,1,111
240,Washington Capitals*,11-12,16.73,81.58,9.5,0.909,2.34,2.26,27.38,29.1,38.24,40.32,52.2,55.83,2.06,2.09,1,92
241,Winnipeg Jets,11-12,17.93,80.14,8.9,0.902,2.43,2.37,30.13,28.81,42.75,40.8,55.9,55,2.48,2.43,0,84
242,Anaheim Ducks*,11-12,23.51,81.31,10.1,0.912,2.2,2.4,26.55,30.94,36.88,44.55,47.35,58.69,2.11,2.52,1,99
243,Atlanta Thrashers,11-12,18.34,77.54,8.4,0.901,2.2,2.5,30.41,31.38,41.65,42.12,55.01,58.16,2.33,2.56,0,80
244,Boston Bruins*,11-12,16.17,82.64,9.1,0.93,2.63,1.89,32.61,31.83,44.09,42.86,60.18,56.92,2.36,2.33,1,103
245,Buffalo Sabres*,11-12,19.35,83,8.9,0.909,2.61,2.32,32.37,29.71,42.8,41.35,56.43,55.24,2.37,2.27,1,96
246,Calgary Flames,11-12,19.5,81.21,9.6,0.902,2.45,2.31,29.57,27.31,41.73,37.99,55.91,52.6,2.24,1.91,0,94
247,Carolina Hurricanes,11-12,15.9,81.25,9.2,0.914,2.43,2.55,29.83,33.37,42.41,47.5,58.92,62.4,2.57,2.79,0,91
248,Chicago Blackhawks*,11-12,23.1,79.22,9.6,0.907,2.5,2.22,31.94,26.97,43.03,36.43,57.17,49.25,2.37,2.16,1,97
249,Colorado Avalanche,11-12,18.49,76.11,9.2,0.89,2.27,2.73,27.9,31.55,38.04,43.9,49.83,58.53,2.25,2.36,0,68
250,Columbus Blue Jackets,11-12,13.95,80.25,8.4,0.898,2.23,2.54,29.18,29.14,40.22,39.83,53.39,53.26,2.26,2.23,0,81
251,Dallas Stars,11-12,17.97,80.14,9.8,0.91,2.26,2.16,25.81,29.64,37.78,41.38,50.82,55.46,2.02,2.21,0,95
252,Detroit Red Wings*,11-12,22.26,82.33,9.3,0.906,2.63,2.53,32.68,30.2,45.93,41.07,59.42,52.06,2.42,2.27,1,104
253,Edmonton Oilers,11-12,14.47,76.95,8.7,0.9,1.99,2.65,25.66,31.07,35.58,43.89,49.01,59.19,2.15,2.78,0,62
254,Florida Panthers,11-12,13.11,84.64,7.7,0.915,2.14,2.43,29.77,30.77,41.25,42.15,55.17,55.72,2.3,2.2,0,72
255,Los Angeles Kings*,11-12,16.15,85.51,8.8,0.914,2.28,2.12,28.11,27.17,40.96,38.62,55.64,51.12,2.19,2.03,1,98
256,Minnesota Wild,11-12,18.15,82.85,9.5,0.913,1.98,2.35,24.99,31.19,35.28,43.64,46.93,57.42,1.83,2.26,0,86
257,Montreal Canadiens*,11-12,19.66,84.4,8.2,0.919,2.2,2.1,31.48,29.55,43.9,40.37,59.42,55.59,2.34,2.36,1,96
258,Nashville Predators*,11-12,15.24,84.93,9,0.924,2.33,2.04,28.74,29.97,38.89,40.52,51.9,52.11,2.24,2.2,1,99
259,New Jersey Devils,11-12,14.35,83.4,7.3,0.904,1.81,2.21,27.76,25.93,37.48,34.79,48.77,45.39,2.01,1.89,0,81
260,New York Islanders,11-12,17.22,83.23,9.3,0.902,2.24,2.83,27.74,31.77,38.44,45.28,52.37,62.8,2.43,2.88,0,73
261,New York Rangers*,11-12,16.9,83.66,9.1,0.919,2.31,2.12,28.84,29.15,40.09,39.92,53.27,55.58,2.87,2.52,1,93
262,Ottawa Senators,11-12,17.51,83.73,8,0.904,1.91,2.77,28.74,30.04,39.3,41.33,52.68,54.77,2.18,2.37,0,74
263,Philadelphia Flyers*,11-12,16.61,82.75,9.8,0.913,2.78,2.24,32.04,29.73,43.3,41.75,58.13,57.27,2.66,2.5,1,106
264,Phoenix Coyotes*,11-12,15.92,78.38,9.1,0.918,2.36,2.15,30.19,30.68,42.73,43.6,56.75,55.92,2.27,2.42,1,99
265,Pittsburgh Penguins*,11-12,15.76,86.11,8.8,0.917,2.34,2.01,31.57,27.86,43.32,38.27,59,51.05,2.25,2.1,1,106
266,San Jose Sharks*,11-12,23.45,79.49,8.6,0.912,2.4,2.01,32.33,27.59,45.14,38.03,60.64,51.39,2.68,2.08,1,105
267,St. Louis Blues,11-12,18.64,81.72,9.5,0.9,2.5,2.49,29.76,27.24,42.26,38.24,56.26,51.44,2.31,2.23,0,87
268,Tampa Bay Lightning*,11-12,20.54,83.77,9.3,0.901,2.43,2.41,31.42,27.47,43.3,38.18,57.54,52.85,2.44,1.98,1,103
269,Toronto Maple Leafs,11-12,15.95,77.45,9,0.904,2.32,2.47,27.62,31.39,39.33,45.08,55.26,62.05,2.11,2.39,0,85
270,Vancouver Canucks*,11-12,24.32,85.58,9.8,0.927,2.53,1.96,31.58,28.65,44.01,38.85,59.2,51.58,2.37,2.33,1,117
271,Washington Capitals*,11-12,17.49,85.62,8.5,0.92,2.27,2.05,29.77,27.98,41.15,39.2,57.16,54.24,2.33,2.17,1,107
272,Anaheim Ducks,09-10,21,79.26,9.4,0.911,2.3,2.26,28.7,31.78,39.68,44.63,50.87,55.74,2.22,2.55,0,89
273,Atlanta Thrashers,09-10,16.14,82.19,9.5,0.908,2.52,2.79,28.67,32.65,38.61,43.21,51.7,56.43,2.29,2.67,0,83
274,Boston Bruins*,09-10,16.6,86.4,7.5,0.922,2.03,2.12,30.89,28.49,42.15,37.94,56.13,49.97,2.18,2.01,1,91
275,Buffalo Sabres*,09-10,17.57,86.62,8.9,0.922,2.45,2.31,31.5,30.48,42.33,41.76,55.22,53.84,2.29,2.34,1,100
276,Calgary Flames,09-10,16.04,82.3,8.6,0.914,2.13,2.12,28.3,27.58,40.69,38.65,55.51,50.74,2.06,2,0,90
277,Carolina Hurricanes,09-10,17.02,80.63,9.4,0.902,2.3,2.52,28.35,30.8,40.02,44.21,54.83,58.15,2.4,2.78,0,80
278,Chicago Blackhawks*,09-10,17.69,84.96,9.4,0.901,2.86,2.24,34.11,23.54,46.07,31.84,60.43,43.68,2.63,1.92,1,112
279,Colorado Avalanche*,09-10,18.06,80.2,10.4,0.913,2.41,2.29,27,30.92,36.37,42.32,46.9,57.22,2.15,2.29,1,95
280,Columbus Blue Jackets,09-10,18.18,81.74,9.2,0.901,2.11,2.66,27.33,29.65,35.82,40.42,46.62,52.41,1.95,2.17,0,79
281,Dallas Stars,09-10,18.6,77.43,9.1,0.905,2.24,2.4,28.66,30.44,39.61,43.28,52.05,56.93,2.11,2.21,0,88
282,Detroit Red Wings*,09-10,19.22,83.9,8.1,0.914,2.17,2.35,31.82,28.89,44.42,39.09,58.19,49.73,2.37,2.16,1,102
283,Edmonton Oilers,09-10,17.28,78.03,8.9,0.898,2.16,2.93,27.52,32.88,38.07,46.99,49.8,63.03,2.2,2.65,0,62
284,Florida Panthers,09-10,14.24,79.37,8.7,0.916,2.14,2.27,27.34,33.59,38.03,45.43,49.81,62.26,2.08,2.48,0,77
285,Los Angeles Kings*,09-10,20.85,80.26,9.7,0.907,2.24,2.09,27.85,26.29,39.79,38.15,51.48,50.12,2.19,2.04,1,101
286,Minnesota Wild,09-10,19.09,82.68,9.4,0.901,2.15,2.43,26.09,29.25,37.05,40.55,48.73,54.17,2,1.99,0,84
287,Montreal Canadiens*,09-10,21.84,82.96,9,0.917,2.08,2.16,27.01,30.95,38.07,43.09,52.58,59.19,2.09,2.37,1,88
288,Nashville Predators*,09-10,16.43,77.13,8.7,0.908,2.3,2.18,29.63,28.69,41.77,39.2,54.7,51.39,2.27,2.24,1,100
289,New Jersey Devils*,09-10,18.75,82.92,8.8,0.916,2.13,1.96,28.99,26.82,38.91,35.73,50.1,47.62,2.14,2.01,1,103
290,New York Islanders,09-10,16.01,76.33,8.6,0.901,2.3,2.65,29.37,31.27,40.4,43.29,54.21,60.45,2.53,2.64,0,79
291,New York Rangers,09-10,18.27,84.28,9,0.913,2.29,2.25,29.18,29.52,40.71,40.96,55.09,54.79,2.64,2.75,0,87
292,Ottawa Senators*,09-10,16.9,84.28,9,0.9,2.27,2.57,29.09,26.77,40.12,37.08,54.15,51.06,2.38,2.14,1,94
293,Philadelphia Flyers*,09-10,21.38,82.93,9,0.905,2.33,2.32,30.9,28.74,43,39.6,57.39,54.45,2.69,2.37,1,88
294,Phoenix Coyotes*,09-10,14.65,84.54,8.4,0.919,2.32,2,30.52,28,42.57,39.77,55.75,51.1,2.24,2.11,1,107
295,Pittsburgh Penguins*,09-10,17.18,84.1,9.3,0.9,2.74,2.52,32.2,27.91,44.77,39.9,59.05,53.89,2.54,2.23,1,101
296,San Jose Sharks*,09-10,21.04,84.88,9.9,0.919,2.63,2.2,30.35,30.01,42.85,41.57,57.38,53.88,2.53,2.36,1,113
297,St. Louis Blues,09-10,17.21,86.84,8.9,0.912,2.36,2.36,29.36,29.04,41.12,40.59,53.94,52.33,2.3,2.4,0,90
298,Tampa Bay Lightning,09-10,19.33,80.06,9,0.902,2.17,2.61,27.48,30.53,37.72,42.09,49.2,55.61,2.19,2.38,0,80
299,Toronto Maple Leafs,09-10,13.97,74.65,7.9,0.892,2.34,2.58,31.62,29.33,44.83,41.62,61.2,57.13,2.55,2.29,0,74
300,Vancouver Canucks*,09-10,21.05,81.56,10.6,0.91,2.75,2.18,30.05,28.6,41.7,39.31,54.92,50.64,2.32,2.25,1,103
301,Washington Capitals*,09-10,25.24,78.8,11.6,0.91,3.24,2.17,32.34,29.33,44.63,40.43,62.74,53.66,2.59,2.37,1,121
302,Anaheim Ducks*,09-10,23.62,79.74,9.6,0.906,2.39,2.15,28.55,28.31,40.18,39.3,50.57,48.34,2.23,2.14,1,91
303,Atlanta Thrashers,09-10,19.33,75.96,10.8,0.896,2.44,2.71,26.82,32.3,36.9,43.37,47.84,56.74,2.28,2.66,0,76
304,Boston Bruins*,09-10,23.64,82.35,10.9,0.925,2.64,1.81,29.68,29.18,40.86,38.73,54.33,50.8,2.32,2.21,1,116
305,Buffalo Sabres,09-10,20.95,81.85,9.7,0.911,2.43,2.39,30.47,30.14,40.73,41.03,52.96,53.84,2.13,2.06,0,91
306,Calgary Flames*,09-10,17.04,83.38,9.5,0.899,2.71,2.55,32.44,28.18,45.23,39.07,60.5,48.09,2.49,2.17,1,98
307,Carolina Hurricanes*,09-10,18.72,80.4,8.8,0.909,2.32,2.19,32.24,28.85,45.25,40.97,60.22,55.21,2.52,2.4,1,97
308,Chicago Blackhawks*,09-10,19.28,80.61,9.7,0.911,2.55,2.03,32.67,26.85,43.43,34.74,54.9,43.28,2.4,2.03,1,104
309,Colorado Avalanche,09-10,15.72,79.87,8.1,0.894,1.98,2.63,27.47,28.9,37.08,41.55,48.67,57.68,1.97,2.07,0,69
310,Columbus Blue Jackets*,09-10,12.73,82.08,9.3,0.902,2.5,2.18,28.4,26.19,38.4,35.46,50.19,46.97,2.06,1.91,1,92
311,Dallas Stars,09-10,15.38,78.59,9.5,0.891,2.45,2.56,27.65,28,39.59,39.04,50.62,51,2.05,2.13,0,83
312,Detroit Red Wings*,09-10,25.5,78.29,9.7,0.894,2.78,2.36,34.91,26.5,47.01,35.8,60.84,43.87,2.28,1.98,1,112
313,Edmonton Oilers,09-10,16.95,77.51,9.9,0.909,2.4,2.36,27.5,31.43,38.28,43.69,51.13,57.49,2.26,2.46,0,85
314,Florida Panthers,09-10,16.56,82.64,9.6,0.922,2.43,2.31,28.76,34.21,39.38,46.32,52.09,59.06,2.26,2.46,0,93
315,Los Angeles Kings,09-10,19.17,82.83,8.5,0.902,1.89,2.26,27.86,27.8,40.51,39.51,53.06,51.9,2.22,2.1,0,79
316,Minnesota Wild,09-10,20.12,87.63,9.5,0.922,1.97,2.25,26.11,29.67,36.71,40.89,48.2,53.81,1.78,1.98,0,89
317,Montreal Canadiens*,09-10,19.25,82.43,9.8,0.908,2.42,2.44,28.82,31.6,39.3,43.39,54.15,58.96,2.32,2.52,1,93
318,Nashville Predators,09-10,15.72,82.54,8.7,0.905,2.15,2.26,28.22,29.6,39.06,41.01,50.45,52.7,2.13,2.37,0,88
319,New Jersey Devils*,09-10,18.89,79.94,8.8,0.914,2.37,1.91,31.68,28.28,42.6,37.66,55.62,49.13,2.3,2,1,106
320,New York Islanders,09-10,16.88,79.78,8.3,0.9,1.93,2.8,28.14,33.09,37.91,46.31,52.6,64.09,2.22,2.65,0,61
321,New York Rangers*,09-10,13.87,87.84,7.5,0.913,2.07,2.34,32,28.99,44.43,40.05,58.73,51.98,2.72,2.69,1,95
322,Ottawa Senators,09-10,19.47,81.5,8.9,0.901,2.06,2.29,27.88,28.16,37.91,38.74,50.59,52.52,2.09,2.14,0,83
323,Philadelphia Flyers*,09-10,22.47,82.95,10.7,0.913,2.47,2.54,29.81,31.59,40.59,43.34,53.84,58.71,2.37,2.49,1,99
324,Phoenix Coyotes,09-10,14.66,76.79,8.9,0.904,2.08,2.55,26.5,31.64,36.51,44.46,48.42,59.32,1.91,2.31,0,79
325,Pittsburgh Penguins*,09-10,17.22,82.71,10.8,0.906,2.79,2.36,28.13,29.23,38.99,40.39,51.93,55.88,2.19,2.14,1,99
326,San Jose Sharks*,09-10,24.17,83.22,9.2,0.911,2.15,2.01,31.68,25.7,43.18,35.19,56.49,46.64,2.43,2.03,1,117
327,St. Louis Blues*,09-10,20.51,83.75,10,0.903,2.18,2.35,26.92,27.85,38.07,39.37,48.35,52.21,2.09,2.11,1,92
328,Tampa Bay Lightning,09-10,17.78,78.02,8.9,0.9,2.09,2.52,27.4,31.62,37.23,42.58,48.81,55.88,2.04,2.22,0,66
329,Toronto Maple Leafs,09-10,18.79,74.68,9.4,0.885,2.58,2.87,29.91,29.85,42.57,43.49,56.84,58.78,2.31,2.43,0,81
330,Vancouver Canucks*,09-10,18.77,81.4,10.4,0.911,2.49,1.97,27.49,28.36,38.24,39.5,50.42,51.09,2.23,2.25,1,100
331,Washington Capitals*,09-10,25.22,80.62,9.8,0.901,2.51,2.26,33.2,27.33,46.19,37.42,63.25,50.5,2.69,2.18,1,108
332,Anaheim Ducks*,08-09,16.62,83.09,8.8,0.92,1.9,1.61,26.2,26.07,36.56,35.45,46.41,43.92,1.91,2,1,102
333,Atlanta Thrashers,08-09,16.46,78.81,9.8,0.904,1.95,2.72,24.07,33.81,32.02,44.76,41.82,58.08,1.85,2.44,0,76
334,Boston Bruins*,08-09,17.55,78.61,8.8,0.914,2.01,1.96,28.37,28.7,39.31,38.32,51.6,48.72,1.97,2.09,1,94
335,Buffalo Sabres,08-09,18.03,83.18,10.1,0.9,2.61,2.51,29.03,28.21,38.57,38.65,49.85,51.53,2.12,2.1,0,90
336,Calgary Flames*,08-09,16.76,81.49,9.8,0.904,2.4,2.18,27.74,27.34,39.22,37.48,51.6,46.16,2.25,1.99,1,94
337,Carolina Hurricanes,08-09,18.81,78.87,9.4,0.896,2.51,2.43,32.14,28.39,43.86,40.01,58.29,53.47,2.51,2.38,0,92
338,Chicago Blackhawks,08-09,15.89,82.08,10.2,0.902,2.44,2.32,27.93,28.17,35.91,35.77,45.95,45.71,2.1,2.18,0,88
339,Colorado Avalanche*,08-09,14.63,81.4,9.5,0.903,2.45,2.18,27.88,27.08,36.77,37.76,46.9,51.01,2.24,2.01,1,95
340,Columbus Blue Jackets,08-09,14.89,83.33,8,0.907,1.91,2.15,28.5,26.38,38.23,34.64,49.24,45.2,2.02,1.75,0,80
341,Dallas Stars*,08-09,18.08,85.59,10.8,0.905,2.3,2.14,26.23,25.4,36.71,35.6,48.65,44.91,1.95,1.9,1,97
342,Detroit Red Wings*,08-09,20.72,84.03,8.9,0.907,2.4,1.72,33.34,22.66,46.11,31.12,58.17,39.3,2.33,1.78,1,115
343,Edmonton Oilers,08-09,16.57,84.7,10.2,0.904,2.31,2.61,26.24,30.53,36.86,43.1,48.37,57.08,2.15,2.37,0,88
344,Florida Panthers,08-09,19.17,82.35,8.3,0.92,2.14,2.2,30.01,32.76,40.66,44.14,52.54,55.24,2.08,2.33,0,85
345,Los Angeles Kings,08-09,17.44,77.99,9.6,0.9,2.21,2.84,26.54,32.42,36.98,46.01,48.21,59.32,2.15,2.64,0,71
346,Minnesota Wild*,08-09,18.93,85.15,9.9,0.915,2.25,2.24,25.64,29.25,36.71,40.18,48.54,51.12,1.75,1.93,1,98
347,Montreal Canadiens*,08-09,24.06,82.46,10.8,0.917,2.33,2.26,27.46,30.53,38.3,42.73,52.02,58.85,2.11,2.34,1,104
348,Nashville Predators*,08-09,14.8,85.37,9.4,0.908,2.44,2.45,29.34,30.14,40.22,39.89,51.69,50.39,2.36,2.24,1,91
349,New Jersey Devils*,08-09,15.63,82.8,8.4,0.914,2.06,1.89,27.42,25.89,38.03,35.03,49.89,45.19,2.1,1.92,1,99
350,New York Islanders,08-09,14.55,81.87,7.8,0.904,1.96,2.26,29.3,29.16,39.56,40.66,53.21,54.25,2.39,2.38,0,79
351,New York Rangers*,08-09,16.49,84.55,7.9,0.911,2.11,1.9,30.44,24.73,42.38,34.06,54.64,45.63,2.39,2.2,1,97
352,Ottawa Senators*,08-09,18.29,81.05,10.4,0.901,2.7,2.45,29.92,28.81,40.6,39.42,54.45,51.05,2.32,2.32,1,94
353,Philadelphia Flyers*,08-09,21.82,83.25,10.4,0.913,2.19,2.37,27.68,31.81,37.96,42.95,50.04,57.27,2.22,2.34,1,95
354,Phoenix Coyotes,08-09,18.58,80.72,8.4,0.911,1.95,2.14,30.1,30.76,40.72,42.86,51.98,54.99,2.1,2.34,0,83
355,Pittsburgh Penguins*,08-09,20.37,80.95,10.6,0.916,2.34,1.99,26.82,30.27,37.22,42.54,47.73,56.28,2.18,2.11,1,102
356,San Jose Sharks*,08-09,18.72,85.81,8.9,0.906,2.12,1.94,28.74,22.74,40.16,31.88,52.06,43.25,2.35,1.8,1,108
357,St. Louis Blues,08-09,14.07,84.4,9.4,0.897,2.23,2.36,26.52,26.91,36.39,38.56,45.58,50.38,1.95,2.17,0,79
358,Tampa Bay Lightning,08-09,19.26,82.05,9.4,0.885,2.16,2.75,27.65,27.45,37.89,37.99,49.78,51.07,2.03,2.06,0,71
359,Toronto Maple Leafs,08-09,17.78,78.13,9,0.893,2.45,2.51,30.07,28.14,42.37,40.12,55.51,52.95,2.3,2.32,0,83
360,Vancouver Canucks,08-09,17.07,82.61,9.2,0.913,2.07,2.08,25.86,27.84,36.5,39.44,47.1,51.45,1.93,2.11,0,88
361,Washington Capitals*,08-09,18.79,80.52,9.4,0.9,2.51,2.19,31.22,25.83,43.83,35.15,59.01,46.52,2.41,1.97,1,94
