Season,Team,AvAge,GP,W,L,OL,PTS,PTS%,GF,GA,SOW,SOL,SRS,SOS,TG/G,EVGF,EVGA,PP,PPO,PP%,PPA,PPOA,PK%,SH,SHA,PIM/G,oPIM/G,S,S%,SA,SV%,SO
18-19,Anaheim Ducks,27.5,82,35,37,10,80,0.488,196,248,3,3,-0.63,0.01,5.41,155,183,36,212,16.98,55,271,79.7,5,10,9,7.2,2271,8.6,2725,0.909,4
18-19,Arizona Coyotes,27.2,82,39,35,8,86,0.524,209,220,4,3,-0.14,-0.02,5.23,151,177,42,258,16.28,34,226,84.96,16,9,7.1,8.2,2522,8.3,2526,0.913,6
18-19,Boston Bruins*,28.7,82,49,24,9,107,0.652,257,212,2,3,0.52,-0.01,5.72,185,148,65,251,25.9,49,244,79.92,7,15,9.7,9.9,2680,9.6,2416,0.912,9
18-19,Buffalo Sabres,26.6,82,33,39,10,76,0.463,221,268,5,3,-0.51,0.04,5.96,172,218,46,236,19.49,41,215,80.93,3,9,7,7.5,2697,8.2,2704,0.901,2
18-19,Calgary Flames*,27.7,82,50,25,7,107,0.652,289,223,0,4,0.7,-0.06,6.24,218,166,53,275,19.27,50,246,79.67,18,7,8.5,9.8,2656,10.9,2302,0.903,3
18-19,Carolina Hurricanes*,26.8,82,46,29,7,99,0.604,243,221,2,2,0.26,-0.01,5.66,191,169,44,247,17.81,44,239,81.59,8,8,7.5,8.7,2822,8.6,2343,0.906,6
18-19,Chicago Blackhawks,28.5,82,36,34,12,84,0.512,267,291,3,1,-0.25,0.02,6.8,213,221,48,238,20.17,63,231,72.73,6,7,7.3,7.1,2669,10,2852,0.898,2
18-19,Colorado Avalanche*,27,82,38,30,14,90,0.549,258,244,2,2,0.17,-0.01,6.12,186,181,63,286,22.03,58,272,78.68,9,5,9.4,9.6,2676,9.6,2619,0.907,5
18-19,Columbus Blue Jackets*,26.6,82,47,31,4,98,0.598,256,231,2,1,0.31,-0.01,5.94,214,195,34,221,15.38,30,200,85,8,6,6.2,6.8,2592,9.9,2418,0.904,9
18-19,Dallas Stars*,28.3,82,43,32,7,93,0.567,209,200,1,2,0.09,0,4.99,160,157,45,214,21.03,41,238,82.77,4,2,7.7,7.3,2519,8.3,2591,0.923,10
18-19,Detroit Red Wings,29.3,82,32,40,10,74,0.451,224,272,3,5,-0.57,0.04,6.05,178,209,39,216,18.06,56,245,77.14,7,7,7.9,7.3,2394,9.4,2761,0.901,2
18-19,Edmonton Oilers,27.2,82,35,38,9,79,0.482,229,271,3,3,-0.51,0.01,6.1,172,202,47,222,21.17,62,246,74.8,10,7,9.2,7.7,2392,9.6,2599,0.896,5
18-19,Florida Panthers,28,82,36,32,14,86,0.524,264,273,3,7,-0.14,0.02,6.55,189,217,72,269,26.77,43,230,81.3,3,13,8.4,9.2,2705,9.8,2516,0.891,1
18-19,Los Angeles Kings,29.3,82,31,42,9,71,0.433,199,259,3,4,-0.73,0.02,5.59,160,192,35,221,15.84,54,230,76.52,4,13,8.1,8,2358,8.4,2578,0.9,5
18-19,Minnesota Wild,29.5,82,37,36,9,83,0.506,210,233,1,4,-0.3,0.02,5.4,156,185,49,241,20.33,44,240,81.67,5,4,8,8.5,2567,8.2,2419,0.904,2
18-19,Montreal Canadiens,27.9,82,44,30,8,96,0.585,246,236,3,0,0.16,0,5.88,210,186,31,234,13.25,46,241,80.91,5,4,8.3,8.3,2796,8.8,2548,0.907,4
18-19,Nashville Predators*,28.9,82,47,29,6,100,0.61,236,212,4,2,0.31,-0.01,5.46,195,159,33,255,12.94,45,251,82.07,8,8,8.4,9.4,2677,8.8,2460,0.914,7
18-19,New Jersey Devils,27.5,82,31,41,10,72,0.439,219,271,3,4,-0.61,0.04,5.98,164,221,45,254,17.72,40,255,84.31,10,10,9.1,9,2488,8.8,2592,0.895,6
18-19,New York Islanders*,28.4,82,48,27,7,103,0.628,223,191,5,5,0.38,-0.01,5.05,184,146,33,227,14.54,44,219,79.91,6,1,7.9,7.7,2360,9.4,2534,0.925,11
18-19,New York Rangers,27.4,82,32,36,14,78,0.476,221,267,6,5,-0.52,0.03,5.95,170,205,44,227,19.38,58,266,78.2,7,4,10.4,8.5,2393,9.2,2774,0.904,2
18-19,Ottawa Senators,27.3,82,29,47,6,64,0.39,242,301,0,1,-0.69,0.05,6.62,192,248,46,226,20.35,45,216,79.17,4,8,8.5,8.3,2429,10,2931,0.897,4
18-19,Philadelphia Flyers,26.6,82,37,37,8,82,0.5,241,280,3,1,-0.42,0.03,6.35,197,218,40,234,17.09,51,237,78.48,4,11,8.9,8.3,2583,9.3,2665,0.895,3
18-19,Pittsburgh Penguins*,28.4,82,44,26,12,100,0.61,271,238,2,3,0.38,-0.01,6.21,203,178,56,228,24.56,45,222,79.73,12,15,8.4,8,2731,9.9,2729,0.913,7
18-19,San Jose Sharks*,29.4,82,46,27,9,101,0.616,289,258,0,3,0.3,-0.04,6.67,223,204,57,241,23.65,45,234,80.77,9,9,9.1,9.4,2708,10.7,2323,0.889,5
18-19,St. Louis Blues*,28,82,45,28,9,99,0.604,244,220,3,3,0.28,-0.01,5.66,189,170,50,237,21.1,43,232,81.47,5,7,7.6,8.2,2604,9.4,2345,0.906,9
18-19,Tampa Bay Lightning*,27.1,82,62,16,4,128,0.78,319,221,6,1,1.21,-0.05,6.59,233,178,74,262,28.24,40,267,85.02,12,3,9.5,9.4,2620,12.2,2633,0.916,6
18-19,Toronto Maple Leafs*,27.5,82,46,28,8,100,0.61,286,249,0,2,0.42,-0.01,6.52,235,199,46,211,21.8,41,204,79.9,5,9,6.1,6.7,2736,10.5,2717,0.908,3
18-19,Vancouver Canucks,26.9,82,35,36,11,81,0.494,219,248,6,6,-0.35,0.01,5.7,169,192,43,251,17.13,48,254,81.1,7,8,8.8,8.7,2433,9,2597,0.905,1
18-19,Vegas Golden Knights*,29.2,82,43,32,7,93,0.567,246,228,3,2,0.19,-0.04,5.78,196,182,39,232,16.81,44,230,80.87,11,2,7.1,7.2,2814,8.7,2399,0.905,9
18-19,Washington Capitals*,28.8,82,48,26,8,104,0.634,274,248,4,1,0.35,-0.01,6.37,220,188,49,236,20.76,55,261,78.93,5,5,8.9,8.6,2492,11,2584,0.904,4
18-19,Winnipeg Jets*,26.6,82,47,30,5,99,0.604,270,243,2,1,0.33,-0.02,6.26,198,184,62,250,24.8,52,250,79.2,10,7,9.3,8.7,2557,10.6,2741,0.911,3
17-18,Anaheim Ducks*,28.7,82,44,25,13,101,0.616,231,209,4,7,0.24,0.01,5.37,183,159,38,214,17.76,46,274,83.21,10,4,10,8.6,2475,9.3,2716,0.923,9
17-18,Arizona Coyotes,26.5,82,29,41,12,70,0.427,206,251,2,5,-0.53,0.05,5.57,163,195,41,243,16.87,46,224,79.46,2,10,7.8,8.3,2450,8.4,2642,0.905,5
17-18,Boston Bruins*,28.6,82,50,20,12,112,0.683,267,211,3,3,0.62,-0.07,5.83,197,161,61,258,23.64,40,245,83.67,9,10,9.5,9.6,2703,9.9,2399,0.912,4
17-18,Buffalo Sabres,27.1,82,25,45,12,62,0.378,198,278,1,2,-0.98,0.01,5.8,140,216,49,257,19.07,52,235,77.87,9,10,8.2,8.8,2557,7.7,2681,0.896,3
17-18,Calgary Flames,28.4,82,37,35,10,84,0.512,216,243,2,5,-0.33,0.03,5.6,166,187,43,269,15.99,49,269,81.78,7,7,11.1,11.2,2759,7.8,2554,0.905,3
17-18,Carolina Hurricanes,27,82,36,35,11,83,0.506,225,253,3,3,-0.35,-0.01,5.83,178,204,44,239,18.41,43,191,77.49,3,6,6.2,7.1,2780,8.1,2367,0.893,2
17-18,Chicago Blackhawks,28,82,33,39,10,76,0.463,228,254,1,2,-0.26,0.07,5.88,180,198,43,269,15.99,49,236,79.24,5,7,7.5,8.9,2793,8.2,2697,0.906,2
17-18,Colorado Avalanche*,26.4,82,43,30,9,95,0.579,255,236,2,1,0.28,0.04,5.99,183,178,65,296,21.96,45,269,83.27,7,13,8.9,9.8,2432,10.5,2731,0.914,5
17-18,Columbus Blue Jackets*,26.4,82,45,30,7,97,0.591,236,226,6,4,0.11,-0.04,5.63,193,168,39,227,17.18,51,214,76.17,4,7,6.9,7.3,2761,8.5,2567,0.912,5
17-18,Dallas Stars,28.5,82,42,32,8,92,0.561,231,222,4,3,0.17,0.04,5.52,177,158,47,244,19.26,54,281,80.78,7,10,10.1,9.6,2560,9,2447,0.909,6
17-18,Detroit Red Wings,30.2,82,30,39,13,73,0.445,212,254,5,1,-0.48,-0.01,5.68,162,191,41,234,17.52,58,259,77.61,9,5,8.9,8.3,2490,8.5,2613,0.903,4
17-18,Edmonton Oilers,26.8,82,36,40,6,78,0.476,229,262,5,1,-0.32,0.03,5.99,187,200,31,210,14.76,57,245,76.73,11,5,9.2,7.6,2740,8.4,2634,0.901,1
17-18,Florida Panthers,27.8,82,44,30,8,96,0.585,245,243,3,3,-0.01,-0.04,5.95,188,193,47,249,18.88,45,227,80.18,10,5,11,11.7,2822,8.7,2838,0.914,7
17-18,Los Angeles Kings*,29.1,82,45,29,8,98,0.598,237,202,2,1,0.44,0,5.35,183,159,49,240,20.42,39,260,85,5,4,9,8.3,2544,9.3,2537,0.92,8
17-18,Minnesota Wild*,29.5,82,45,26,11,101,0.616,250,229,3,3,0.29,0.04,5.84,194,172,49,240,20.42,51,272,81.25,7,6,8.3,7.6,2476,10.1,2569,0.911,6
17-18,Montreal Canadiens,27.8,82,29,40,13,71,0.433,207,258,2,6,-0.68,0,5.67,148,184,52,244,21.31,68,263,74.14,7,6,8.6,8.8,2687,7.7,2650,0.903,4
17-18,Nashville Predators*,28.4,82,53,18,11,117,0.713,261,204,6,7,0.71,0.03,5.67,193,145,58,274,21.17,54,299,81.94,10,5,11.3,9.6,2641,9.9,2659,0.923,11
17-18,New Jersey Devils*,27.7,82,44,29,9,97,0.591,243,240,5,4,0.02,-0.03,5.89,177,187,54,252,21.43,47,258,81.78,12,6,8.5,8.4,2599,9.3,2616,0.908,2
17-18,New York Islanders,28.4,82,35,37,10,80,0.488,261,293,3,3,-0.4,-0.01,6.76,198,219,58,250,23.2,63,235,73.19,5,11,7.8,8.1,2572,10.1,2918,0.9,2
17-18,New York Rangers,28.7,82,34,39,9,77,0.47,228,263,3,5,-0.46,-0.01,5.99,172,212,51,241,21.16,46,247,81.38,5,5,8,8,2538,9,2898,0.909,3
17-18,Ottawa Senators,29.3,82,28,43,11,67,0.409,219,284,2,7,-0.85,0,6.13,174,222,41,248,16.53,56,235,76.17,4,6,8.1,8.4,2515,8.7,2712,0.895,2
17-18,Philadelphia Flyers*,27.4,82,42,26,14,98,0.598,249,236,2,7,0.07,-0.03,5.91,192,172,54,261,20.69,54,223,75.78,3,10,8.3,9,2631,9.5,2448,0.904,3
17-18,Pittsburgh Penguins*,27.7,82,47,29,6,100,0.61,270,248,2,2,0.23,-0.04,6.32,196,192,68,260,26.15,53,265,80,6,3,9.5,9.1,2823,9.6,2553,0.903,4
17-18,San Jose Sharks*,28.8,82,45,27,10,100,0.61,247,226,5,3,0.28,0,5.77,186,189,53,257,20.62,34,224,84.82,8,3,7.7,8,2702,9.1,2488,0.909,6
17-18,St. Louis Blues,28.5,82,44,32,6,94,0.573,223,222,3,0,0.1,0.05,5.43,180,166,38,246,15.45,47,231,79.65,5,9,7.7,8.2,2677,8.3,2438,0.909,4
17-18,Tampa Bay Lightning*,27.5,82,54,23,5,113,0.689,290,234,6,2,0.66,-0.07,6.39,215,167,66,276,23.91,64,267,76.03,9,3,9.2,9.5,2680,10.8,2683,0.913,8
17-18,Toronto Maple Leafs*,28.3,82,49,26,7,105,0.64,270,230,7,2,0.49,-0.06,6.1,210,182,56,224,25,43,231,81.39,4,5,7,6.9,2640,10.2,2776,0.917,8
17-18,Vancouver Canucks,28.2,82,31,40,11,73,0.445,218,259,0,5,-0.51,0.05,5.82,158,189,53,247,21.46,60,276,78.26,7,10,8.7,8,2464,8.8,2641,0.902,4
17-18,Vegas Golden Knights*,28,82,51,24,7,109,0.665,268,225,4,3,0.52,-0.01,6.01,207,176,53,248,21.37,44,237,81.43,8,5,6.8,7.5,2686,10,2521,0.911,5
17-18,Washington Capitals*,28.4,82,49,26,7,105,0.64,256,238,3,1,0.21,-0.04,6.02,197,177,55,244,22.54,53,269,80.3,4,8,9.8,9.2,2379,10.8,2613,0.909,3
17-18,Winnipeg Jets*,26.8,82,52,20,10,114,0.695,273,216,4,2,0.74,0.02,5.96,200,159,64,274,23.36,50,274,81.75,9,7,8.5,8.6,2643,10.3,2613,0.917,7
16-17,Anaheim Ducks*,27.6,82,46,23,13,105,0.64,220,197,3,3,0.24,-0.04,5.09,164,147,47,251,18.73,43,281,84.7,9,7,11.4,11.2,2425,9.1,2429,0.919,8
16-17,Arizona Coyotes,27.3,82,30,42,10,70,0.427,191,258,6,2,-0.76,0.01,5.48,145,192,38,235,16.17,59,260,77.31,8,7,9.9,8.6,2281,8.4,2797,0.908,3
16-17,Boston Bruins*,28.8,82,44,31,7,95,0.579,232,209,2,3,0.27,0,5.38,169,165,53,244,21.72,38,266,85.71,10,6,10.1,9.8,2721,8.5,2194,0.905,8
16-17,Buffalo Sabres,26.4,82,33,37,12,78,0.476,199,231,2,6,-0.41,0.03,5.24,139,174,57,233,24.46,53,237,77.64,3,4,9,8.6,2491,8,2813,0.918,3
16-17,Calgary Flames*,28.3,82,45,33,4,94,0.573,222,219,4,2,0.02,-0.04,5.38,162,163,52,258,20.16,51,277,81.59,8,5,11.7,10.7,2388,9.3,2354,0.907,5
16-17,Carolina Hurricanes,26.8,82,36,31,15,87,0.53,212,230,3,6,-0.21,0.05,5.39,161,192,41,231,17.75,32,202,84.16,10,6,5.8,6.6,2493,8.5,2320,0.901,3
16-17,Chicago Blackhawks*,29.4,82,50,23,9,109,0.665,240,212,4,1,0.32,-0.06,5.51,197,158,42,233,18.03,47,211,77.73,1,7,7.1,7.9,2508,9.6,2574,0.918,4
16-17,Colorado Avalanche,27.6,82,22,56,4,48,0.293,165,276,1,2,-1.32,0.05,5.38,130,210,30,239,12.55,64,274,76.64,5,2,9.4,8.2,2303,7.2,2603,0.894,3
16-17,Columbus Blue Jackets*,26.2,82,50,24,8,108,0.659,247,193,2,2,0.68,0.02,5.37,195,152,42,211,19.91,39,223,82.51,10,2,8.7,8.6,2540,9.7,2489,0.922,8
16-17,Dallas Stars,28.5,82,34,37,11,79,0.482,222,260,1,2,-0.48,-0.01,5.88,171,184,46,257,17.9,65,249,73.9,5,11,9.9,9.8,2505,8.9,2439,0.893,3
16-17,Detroit Red Wings,28.4,82,33,36,13,79,0.482,198,244,9,0,-0.41,0.04,5.39,157,190,38,252,15.08,45,235,80.85,3,9,8.8,9.2,2335,8.5,2507,0.903,4
16-17,Edmonton Oilers*,26.7,82,47,26,9,103,0.628,243,207,4,5,0.37,-0.06,5.49,183,159,56,245,22.86,43,223,80.72,4,5,9,9.5,2547,9.5,2416,0.914,7
16-17,Florida Panthers,28.6,82,35,36,11,81,0.494,205,231,5,6,-0.3,0.03,5.32,152,187,45,265,16.98,36,245,85.31,8,8,9.9,9.9,2644,7.8,2595,0.911,4
16-17,Los Angeles Kings,29.1,82,39,35,8,86,0.524,199,201,2,4,-0.07,-0.02,4.88,148,160,46,241,19.09,38,245,84.49,5,3,9.2,9.3,2553,7.8,2120,0.905,9
16-17,Minnesota Wild*,28.3,82,49,25,8,106,0.646,263,206,3,2,0.63,-0.08,5.72,211,166,47,224,20.98,37,217,82.95,5,3,8.2,8.4,2527,10.4,2465,0.916,5
16-17,Montreal Canadiens*,28.8,82,47,26,9,103,0.628,223,198,3,2,0.31,-0.01,5.13,173,145,45,230,19.57,47,249,81.12,5,6,9.3,7.9,2459,9.1,2429,0.918,5
16-17,Nashville Predators*,27.9,82,41,29,12,94,0.573,238,220,2,4,0.16,-0.04,5.59,177,168,49,259,18.92,46,241,80.91,12,6,10.2,10.7,2557,9.3,2472,0.911,4
16-17,New Jersey Devils,28.1,82,28,40,14,70,0.427,180,241,3,3,-0.67,0.08,5.13,130,176,44,251,17.53,53,261,79.69,6,12,10,9.7,2279,7.9,2572,0.906,3
16-17,New York Islanders,28.4,82,41,29,12,94,0.573,239,238,2,4,0.03,0.05,5.82,199,190,35,234,14.96,40,227,82.38,5,7,7.9,7.9,2480,9.6,2616,0.909,5
16-17,New York Rangers*,28.3,82,48,28,6,102,0.622,253,216,3,4,0.47,0.03,5.72,197,166,47,232,20.26,45,224,79.91,9,5,7.2,8.3,2438,10.4,2465,0.912,7
16-17,Ottawa Senators*,28.8,82,44,28,10,98,0.598,206,210,6,4,-0.01,0.01,5.07,156,157,43,254,16.93,50,247,79.76,7,3,10.3,10.5,2463,8.4,2467,0.915,10
16-17,Philadelphia Flyers,27.6,82,39,33,10,88,0.537,212,231,7,5,-0.17,0.04,5.4,154,172,54,277,19.49,50,247,79.76,4,9,10.3,11.1,2585,8.2,2334,0.901,5
16-17,Pittsburgh Penguins*,28.7,82,50,21,11,111,0.677,278,229,4,5,0.59,0.01,6.18,213,170,60,260,23.08,52,257,79.77,5,7,8.6,9,2745,10.1,2671,0.914,5
16-17,San Jose Sharks*,29.6,82,46,29,7,99,0.604,219,200,2,1,0.21,-0.03,5.11,171,153,41,246,16.67,41,212,80.66,7,6,7.8,8.5,2453,8.9,2269,0.912,3
16-17,St. Louis Blues*,28,82,46,29,7,99,0.604,233,216,2,2,0.17,-0.04,5.48,180,171,50,235,21.28,40,263,84.79,3,5,9,8.4,2330,10,2327,0.907,8
16-17,Tampa Bay Lightning,26.8,82,42,30,10,94,0.573,230,224,4,3,0.09,0.01,5.54,164,168,62,272,22.79,48,258,81.4,4,8,10.7,11.4,2452,9.4,2492,0.91,3
16-17,Toronto Maple Leafs*,26.2,82,40,27,15,95,0.579,250,234,1,8,0.11,0,5.9,186,183,57,244,23.36,44,251,82.47,6,7,9.7,10,2617,9.6,2673,0.912,5
16-17,Vancouver Canucks,28.8,82,30,43,9,69,0.421,178,241,4,2,-0.73,0.01,5.11,144,183,32,227,14.1,52,223,76.68,2,6,7.9,7.9,2273,7.8,2605,0.907,3
16-17,Washington Capitals*,28.4,82,55,19,8,118,0.72,261,177,2,5,0.99,0,5.34,199,130,57,248,22.98,44,272,83.82,5,3,9.1,8.7,2495,10.5,2282,0.922,12
16-17,Winnipeg Jets,26.1,82,40,35,7,87,0.53,246,255,3,1,-0.11,-0.03,6.11,188,184,48,264,18.18,62,275,77.45,10,9,10.2,9.7,2448,10,2546,0.9,5
15-16,Anaheim Ducks*,27.4,82,46,25,11,103,0.628,215,188,3,4,0.27,-0.05,4.91,152,148,56,245,22.86,37,290,87.24,7,3,12.5,11.1,2483,8.7,2258,0.917,8
15-16,Arizona Coyotes,27.6,82,35,39,8,78,0.476,208,244,1,1,-0.43,0.01,5.51,151,161,53,300,17.67,69,304,77.3,4,14,12.3,11.5,2265,9.2,2539,0.904,5
15-16,Boston Bruins,28.8,82,42,31,9,93,0.567,236,228,4,2,0.11,-0.02,5.66,179,176,48,234,20.51,48,270,82.22,9,4,11.4,10.4,2620,9,2490,0.908,5
15-16,Buffalo Sabres,26.2,82,35,36,11,81,0.494,199,215,2,7,-0.25,0.01,5.05,145,171,48,254,18.9,38,218,82.57,6,6,9.1,10.2,2418,8.2,2511,0.914,2
15-16,Calgary Flames,27.7,82,35,40,7,77,0.47,229,257,2,3,-0.36,-0.01,5.93,173,193,46,270,17.04,57,234,75.64,10,7,9.2,9.5,2398,9.5,2377,0.892,3
15-16,Carolina Hurricanes,27,82,35,31,16,86,0.524,196,221,2,5,-0.31,0.03,5.09,153,184,40,238,16.81,32,204,84.31,3,5,6.9,7.7,2451,8,2261,0.902,3
15-16,Chicago Blackhawks*,28.6,82,47,26,9,103,0.628,234,207,1,2,0.32,0,5.38,167,158,57,252,22.62,46,233,80.26,10,3,7.5,8.6,2498,9.4,2526,0.918,8
15-16,Colorado Avalanche,28.3,82,39,39,4,82,0.5,212,240,4,0,-0.26,0.03,5.51,157,180,48,266,18.05,51,258,80.23,7,9,9.4,9.4,2348,9,2649,0.909,5
15-16,Columbus Blue Jackets,26.5,82,34,40,8,76,0.463,213,248,6,4,-0.38,0.03,5.62,167,187,43,248,17.34,53,279,81,3,8,12.1,10.7,2387,8.9,2550,0.903,1
15-16,Dallas Stars*,28.9,82,50,23,9,109,0.665,265,228,2,2,0.45,-0.01,6.01,197,169,58,262,22.14,44,248,82.26,10,15,8.8,9,2624,10.1,2371,0.904,5
15-16,Detroit Red Wings*,28.7,82,41,30,11,93,0.567,209,219,2,5,-0.16,0,5.22,157,165,50,266,18.8,50,271,81.55,2,4,8.8,9.1,2432,8.6,2439,0.91,6
15-16,Edmonton Oilers,26.4,82,31,43,8,70,0.427,199,242,4,3,-0.51,0,5.38,151,188,43,237,18.14,49,254,80.71,5,6,9.7,9.2,2386,8.3,2548,0.905,3
15-16,Florida Panthers*,29.2,82,47,26,9,103,0.628,232,200,7,3,0.42,-0.02,5.27,180,140,47,278,16.91,55,268,79.48,5,5,10.4,10.4,2358,9.8,2419,0.917,4
15-16,Los Angeles Kings*,28.3,82,48,28,6,102,0.622,223,192,2,3,0.32,-0.04,5.06,171,136,47,235,20,53,285,81.4,5,3,10.6,9.1,2625,8.5,2254,0.915,7
15-16,Minnesota Wild*,28,82,38,33,11,87,0.53,213,204,3,2,0.13,0.01,5.09,158,153,48,259,18.53,45,204,77.94,7,6,6.6,8.6,2374,9,2347,0.913,8
15-16,Montreal Canadiens,28,82,38,38,6,82,0.5,216,233,5,3,-0.18,0,5.48,166,176,42,259,16.22,46,254,81.89,8,11,9.4,9.9,2504,8.6,2408,0.903,3
15-16,Nashville Predators*,28.4,82,41,27,14,96,0.585,224,213,4,2,0.17,0.01,5.33,166,165,51,259,19.69,46,245,81.22,7,2,9.9,9.8,2507,8.9,2242,0.905,6
15-16,New Jersey Devils,27.9,82,38,36,8,84,0.512,182,202,2,6,-0.28,0.02,4.68,126,149,51,256,19.92,45,264,82.95,5,8,9.9,9.2,2003,9.1,2349,0.914,7
15-16,New York Islanders*,27.9,82,45,27,10,100,0.61,227,211,5,5,0.19,0,5.34,178,169,43,229,18.78,36,232,84.48,7,6,8.8,9.2,2412,9.4,2495,0.915,4
15-16,New York Rangers*,29.6,82,46,27,9,101,0.616,233,215,3,2,0.24,0.01,5.46,188,157,42,226,18.58,53,243,78.19,3,5,8.6,8.3,2336,10,2494,0.914,5
15-16,Ottawa Senators,27,82,38,35,9,85,0.518,230,241,6,6,-0.13,0.01,5.74,175,177,38,239,15.9,61,253,75.89,17,3,10.9,11,2325,9.9,2688,0.91,5
15-16,Philadelphia Flyers*,28.1,82,41,27,14,96,0.585,211,210,3,8,-0.03,0.02,5.13,155,151,53,280,18.93,51,262,80.53,3,8,11.8,11.9,2540,8.3,2519,0.917,7
15-16,Pittsburgh Penguins*,29,82,48,26,8,104,0.634,241,199,4,4,0.5,-0.01,5.37,182,154,48,261,18.39,40,257,84.44,11,5,8.5,8.9,2722,8.9,2436,0.918,6
15-16,San Jose Sharks*,29.1,82,46,30,6,98,0.598,237,207,4,3,0.33,-0.05,5.41,169,154,62,275,22.55,46,236,80.51,6,7,8.9,11,2491,9.5,2245,0.908,9
15-16,St. Louis Blues*,28,82,49,24,9,107,0.652,219,197,5,4,0.28,0,5.07,164,151,51,237,21.52,41,276,85.14,4,5,10.5,9.2,2474,8.9,2439,0.919,10
15-16,Tampa Bay Lightning*,27.3,82,46,31,5,97,0.591,224,198,3,3,0.3,-0.02,5.15,173,150,44,279,15.77,41,257,84.05,7,7,9.9,10.6,2402,9.3,2366,0.916,7
15-16,Toronto Maple Leafs,27.4,82,29,42,11,69,0.421,192,240,6,6,-0.56,0.03,5.27,149,182,40,259,15.44,50,272,81.62,3,8,9.2,9,2515,7.6,2503,0.904,4
15-16,Vancouver Canucks,28.9,82,31,38,13,75,0.457,186,239,5,4,-0.62,0.02,5.18,143,184,39,247,15.79,47,249,81.12,4,8,10,10,2311,8,2668,0.91,1
15-16,Washington Capitals*,27.9,82,56,18,8,120,0.732,248,191,4,2,0.7,-0.02,5.35,191,148,55,251,21.91,38,256,85.16,2,5,9.2,8.9,2510,9.9,2332,0.918,3
15-16,Winnipeg Jets,26.8,82,35,39,8,78,0.476,212,236,3,3,-0.26,0.03,5.46,164,171,38,257,14.79,61,282,78.37,10,4,11.2,10.4,2427,8.7,2423,0.903,3
14-15,Anaheim Ducks*,27,82,51,24,7,109,0.665,228,221,8,5,0.1,-0.03,5.48,182,163,37,236,15.68,52,274,81.02,9,6,10.8,9.8,2458,9.3,2367,0.907,4
14-15,Arizona Coyotes,28.5,82,24,50,8,56,0.341,165,267,5,5,-1.2,0.04,5.27,115,195,46,230,20,65,279,76.7,4,7,9.5,8.4,2393,6.9,2722,0.902,1
14-15,Boston Bruins,28.3,82,41,27,14,96,0.585,209,201,4,10,0.01,-0.01,5,163,154,38,213,17.84,44,244,81.97,8,3,9.5,8.5,2546,8.2,2449,0.918,5
14-15,Buffalo Sabres,26.9,82,23,51,8,54,0.329,153,269,8,5,-1.33,0.05,5.15,116,197,30,224,13.39,64,257,75.1,7,8,10.4,9.6,1984,7.7,2920,0.908,1
14-15,Calgary Flames*,28.2,82,45,30,7,97,0.591,237,213,4,3,0.26,-0.05,5.49,183,174,48,255,18.82,36,186,80.65,6,3,7.6,9,2252,10.5,2391,0.911,5
14-15,Carolina Hurricanes,27.9,82,30,41,11,71,0.433,183,219,5,7,-0.44,0.02,4.9,136,186,45,240,18.75,29,190,84.74,2,4,6.7,8.2,2524,7.3,2236,0.902,2
14-15,Chicago Blackhawks*,29.3,82,48,28,6,102,0.622,220,186,9,3,0.51,0.02,4.95,171,144,46,260,17.69,35,211,83.41,3,7,7.3,8.8,2777,7.9,2477,0.925,5
14-15,Colorado Avalanche,28.6,82,39,31,12,90,0.549,209,223,10,4,-0.04,0.06,5.27,168,184,37,247,14.98,37,241,84.65,4,2,9.4,9.6,2286,9.1,2719,0.918,6
14-15,Columbus Blue Jackets,27,82,42,35,5,89,0.543,227,248,9,2,-0.16,0.01,5.79,169,183,53,244,21.72,60,303,80.2,5,5,11.9,11,2366,9.6,2742,0.91,2
14-15,Dallas Stars,28.5,82,41,31,10,92,0.561,257,257,4,3,0.06,0.05,6.27,193,201,55,290,18.97,49,254,80.71,9,7,9.6,11,2558,10,2454,0.895,6
14-15,Detroit Red Wings*,28.9,82,43,25,14,100,0.61,231,211,4,10,0.14,-0.03,5.39,158,148,70,294,23.81,55,288,80.9,3,8,8.8,9.7,2429,9.5,2322,0.909,6
14-15,Edmonton Oilers,27.2,82,24,44,14,62,0.378,193,276,5,7,-1.01,0.03,5.72,148,218,41,232,17.67,51,219,76.71,4,7,8.3,8.7,2331,8.3,2464,0.888,2
14-15,Florida Panthers,29.2,82,38,29,15,91,0.555,198,213,8,10,-0.23,-0.02,5.01,157,157,40,246,16.26,50,250,80,1,6,8.9,9,2516,7.9,2424,0.912,4
14-15,Los Angeles Kings,28.5,82,40,27,15,95,0.579,218,197,2,8,0.16,-0.03,5.06,164,150,47,247,19.03,45,236,80.93,7,2,9.1,9.1,2536,8.6,2214,0.911,9
14-15,Minnesota Wild*,27.7,82,46,28,8,100,0.61,227,198,4,3,0.39,0.03,5.18,184,163,39,246,15.85,32,234,86.32,4,3,8.9,9.7,2522,9,2265,0.913,8
14-15,Montreal Canadiens*,28.4,82,50,22,10,110,0.671,214,184,7,5,0.36,-0.03,4.85,167,138,40,242,16.53,42,257,83.66,7,4,10.2,9.3,2334,9.2,2470,0.926,9
14-15,Nashville Predators*,28.4,82,47,25,10,104,0.634,226,202,6,6,0.33,0.03,5.22,180,152,42,259,16.22,45,234,80.77,4,5,8.5,9.3,2614,8.6,2317,0.913,5
14-15,New Jersey Devils,30.5,82,32,36,14,78,0.476,176,209,5,7,-0.4,0.02,4.7,128,149,41,212,19.34,52,268,80.6,7,8,9.3,7.7,2008,8.8,2518,0.917,5
14-15,New York Islanders*,27.3,82,47,28,7,101,0.616,245,224,7,6,0.26,-0.01,5.72,185,173,50,267,18.73,48,217,77.88,10,3,8.5,9.4,2771,8.8,2321,0.903,6
14-15,New York Rangers*,29.4,82,53,22,7,113,0.689,248,187,4,5,0.69,-0.04,5.3,200,144,39,232,16.81,37,235,84.26,9,6,8.7,8.2,2582,9.6,2418,0.923,11
14-15,Ottawa Senators*,26.9,82,43,26,13,99,0.604,232,208,6,7,0.25,-0.04,5.37,179,156,47,280,16.79,44,257,82.88,6,8,10.3,11.1,2539,9.1,2635,0.921,6
14-15,Philadelphia Flyers,28.6,82,33,31,18,84,0.512,212,223,3,11,-0.23,0,5.3,149,156,60,256,23.44,61,266,77.07,3,6,10.2,9.2,2413,8.8,2481,0.91,3
14-15,Pittsburgh Penguins*,29.5,82,43,27,12,98,0.598,217,204,4,6,0.12,-0.01,5.13,162,151,49,254,19.29,42,277,84.84,6,11,13.7,12.1,2594,8.4,2401,0.915,10
14-15,San Jose Sharks,28.5,82,40,33,9,89,0.543,224,226,4,6,-0.08,-0.03,5.49,165,173,55,254,21.65,48,223,78.48,4,5,9.3,10.4,2591,8.6,2436,0.907,8
14-15,St. Louis Blues*,28.3,82,51,24,7,109,0.665,239,197,9,4,0.59,0.02,5.32,181,150,56,251,22.31,42,257,83.66,2,5,11,10.6,2535,9.4,2233,0.912,10
14-15,Tampa Bay Lightning*,26.9,82,50,24,8,108,0.659,259,206,3,5,0.57,-0.06,5.67,199,158,53,282,18.79,42,257,83.66,7,6,9.9,10.5,2428,10.7,2287,0.91,5
14-15,Toronto Maple Leafs,27.7,82,30,44,8,68,0.415,206,257,5,5,-0.61,0.02,5.65,154,193,45,283,15.9,52,266,80.45,7,12,10,10.7,2397,8.6,2748,0.906,2
14-15,Vancouver Canucks*,29.4,82,48,29,5,101,0.616,236,220,6,2,0.2,-0.05,5.56,184,180,46,238,19.33,38,266,85.71,6,2,10.9,9.8,2453,9.6,2446,0.91,9
14-15,Washington Capitals*,28.1,82,45,26,11,101,0.616,237,199,5,4,0.44,-0.03,5.32,173,145,60,237,25.32,50,266,81.2,4,4,10.5,10.4,2419,9.8,2368,0.916,9
14-15,Winnipeg Jets*,27.3,82,43,26,13,99,0.604,223,204,7,6,0.29,0.04,5.21,165,143,48,269,17.84,56,308,81.82,10,5,13,11.6,2439,9.1,2350,0.913,7
13-14,Anaheim Ducks*,27.7,82,54,20,8,116,0.707,263,203,3,6,0.68,-0.01,5.68,209,147,44,275,16,48,270,82.22,10,8,10.9,12.6,2569,10.2,2353,0.914,6
13-14,Boston Bruins*,27.6,82,54,19,9,117,0.713,258,171,3,6,0.92,-0.11,5.23,199,122,50,230,21.74,43,263,83.65,9,6,10.8,10.1,2612,9.9,2385,0.928,9
13-14,Buffalo Sabres,26.6,82,21,51,10,52,0.317,150,243,7,5,-1.09,0.02,4.79,109,187,36,256,14.06,51,274,81.39,5,5,11,10.4,2156,7,2816,0.914,0
13-14,Calgary Flames,26.7,82,35,40,7,77,0.47,202,238,7,3,-0.35,0.04,5.37,151,188,39,249,15.66,43,235,81.7,12,7,10.5,10.6,2199,9.2,2345,0.899,2
13-14,Carolina Hurricanes,27,82,36,35,11,83,0.506,205,226,2,4,-0.29,-0.01,5.26,153,174,41,281,14.59,44,241,81.74,11,8,7.9,9,2561,8,2537,0.911,2
13-14,Chicago Blackhawks*,27.5,82,46,21,15,107,0.652,261,212,6,8,0.6,0.02,5.77,202,160,50,257,19.46,46,248,81.45,9,6,8.5,8.7,2715,9.6,2229,0.905,3
13-14,Colorado Avalanche*,26.9,82,52,22,8,112,0.683,245,216,5,4,0.4,0.04,5.62,192,167,50,252,19.84,48,249,80.72,3,1,10.9,10.5,2420,10.1,2678,0.919,4
13-14,Columbus Blue Jackets*,26.1,82,43,32,7,93,0.567,226,214,5,2,0.16,-0.03,5.37,163,156,54,280,19.29,50,280,82.14,9,8,11.1,11,2431,9.3,2524,0.915,8
13-14,Dallas Stars*,28.2,82,40,31,11,91,0.555,231,223,4,5,0.14,0.05,5.54,177,169,46,290,15.86,49,263,81.37,8,5,11,11.6,2597,8.9,2492,0.911,6
13-14,Detroit Red Wings*,28.6,82,39,28,15,93,0.567,217,221,5,9,-0.14,-0.04,5.34,164,166,50,282,17.73,50,295,83.05,3,5,8.8,8.6,2456,8.8,2400,0.908,5
13-14,Edmonton Oilers,26.5,82,29,44,9,67,0.409,199,267,4,3,-0.75,0.07,5.68,149,204,46,271,16.97,50,280,82.14,4,13,11.8,12,2208,9,2696,0.901,4
13-14,Florida Panthers,29,82,29,45,8,66,0.402,188,262,8,6,-0.87,0.01,5.49,153,193,27,269,10.04,63,262,75.95,8,6,10.3,10.9,2451,7.7,2551,0.897,1
13-14,Los Angeles Kings*,27.4,82,46,28,8,100,0.61,198,168,8,6,0.4,0.01,4.46,150,112,43,284,15.14,50,296,83.11,5,6,10.7,11.1,2595,7.6,2148,0.922,13
13-14,Minnesota Wild*,27.2,82,43,27,12,98,0.598,199,198,8,8,0.07,0.05,4.84,150,137,45,252,17.86,53,250,78.8,4,8,9.5,9.9,2180,9.1,2273,0.913,8
13-14,Montreal Canadiens*,28.3,82,46,28,8,100,0.61,209,201,6,3,0.08,-0.05,5,155,150,48,279,17.2,43,289,85.12,6,8,13,12.8,2330,9,2541,0.921,8
13-14,Nashville Predators,26.7,82,38,32,12,88,0.537,214,233,2,9,-0.25,0.07,5.45,166,186,46,239,19.25,47,238,80.25,2,0,9.9,9.4,2382,9,2370,0.902,5
13-14,New Jersey Devils,30.6,82,35,29,18,88,0.537,197,195,0,13,-0.15,-0.02,4.78,141,155,47,241,19.5,36,264,86.36,9,4,8,8.2,2199,9,2089,0.907,6
13-14,New York Islanders,26.2,82,34,37,11,79,0.482,216,261,9,6,-0.51,0,5.82,159,196,49,276,17.75,58,265,78.11,8,7,12.4,11.5,2537,8.5,2464,0.894,4
13-14,New York Rangers*,27.4,82,45,31,6,96,0.585,214,190,4,3,0.26,-0.04,4.93,156,149,48,264,18.18,34,232,85.34,10,7,10,10.4,2719,7.9,2412,0.921,8
13-14,Ottawa Senators,26.6,82,37,31,14,88,0.537,229,258,7,7,-0.37,-0.02,5.94,174,186,50,271,18.45,61,320,80.94,5,10,13.3,12,2691,8.5,2849,0.909,5
13-14,Philadelphia Flyers*,27.7,82,42,30,10,94,0.573,233,227,3,8,-0.01,-0.02,5.61,167,168,58,294,19.73,48,316,84.81,8,11,14.2,13.4,2490,9.4,2508,0.909,6
13-14,Phoenix Coyotes,28.7,82,37,30,15,89,0.543,210,224,6,7,-0.16,0.03,5.29,151,162,56,282,19.86,57,272,79.04,3,5,9.9,9.9,2497,8.4,2540,0.912,5
13-14,Pittsburgh Penguins*,28.3,82,51,24,7,109,0.665,242,204,7,3,0.47,-0.04,5.44,173,160,65,278,23.38,38,254,85.04,4,6,10.1,10.9,2454,9.9,2358,0.913,6
13-14,San Jose Sharks*,28.7,82,51,22,9,111,0.677,239,193,10,7,0.6,0,5.27,181,154,50,291,17.18,33,219,84.93,8,6,9,11.2,2851,8.4,2281,0.915,6
13-14,St. Louis Blues*,27.4,82,52,23,7,111,0.677,239,188,9,3,0.71,0.01,5.21,177,140,56,283,19.79,42,293,85.67,6,6,14.2,14.2,2402,10,2163,0.913,9
13-14,Tampa Bay Lightning*,27.1,82,46,27,9,101,0.616,232,209,8,6,0.25,-0.06,5.38,172,149,50,270,18.52,52,270,80.74,10,8,10.3,10.2,2446,9.5,2397,0.913,7
13-14,Toronto Maple Leafs,26.2,82,38,36,8,84,0.512,222,252,9,4,-0.34,-0.04,5.78,165,182,50,252,19.84,58,268,78.36,7,12,12.7,11.8,2290,9.7,2945,0.914,2
13-14,Vancouver Canucks,28.6,82,36,35,11,83,0.506,191,216,5,7,-0.3,0.03,4.96,146,166,39,257,15.18,46,274,83.21,6,4,13.6,12.1,2527,7.6,2327,0.907,7
13-14,Washington Capitals,26.5,82,38,30,14,90,0.549,225,229,10,11,-0.08,-0.02,5.54,152,168,68,291,23.37,51,284,82.04,5,10,11.6,12.2,2412,9.3,2750,0.917,5
13-14,Winnipeg Jets,26.3,82,37,35,10,84,0.512,219,231,8,6,-0.07,0.06,5.49,174,176,40,259,15.44,49,291,83.16,5,6,11.9,10.6,2516,8.7,2472,0.907,3
12-13,Anaheim Ducks*,28.8,48,30,12,6,66,0.688,134,115,6,3,0.43,-0.02,5.19,100,80,29,135,21.48,30,162,81.48,5,5,11.1,9.5,1347,9.9,1340,0.914,5
12-13,Boston Bruins*,27.8,48,28,14,6,62,0.646,127,106,4,3,0.44,-0.02,4.85,104,83,18,122,14.75,21,163,87.12,5,2,12.2,9.8,1557,8.2,1373,0.923,6
12-13,Buffalo Sabres,27.3,48,21,21,6,48,0.5,118,139,7,4,-0.31,0.07,5.35,88,95,23,163,14.11,37,178,79.21,7,7,13.1,12.4,1339,8.8,1606,0.913,1
12-13,Calgary Flames,29,48,19,25,4,42,0.438,128,157,0,3,-0.65,0.02,5.94,91,127,31,155,20,28,151,81.46,6,2,10.8,9.9,1293,9.9,1412,0.889,0
12-13,Carolina Hurricanes,26.9,48,19,25,4,42,0.438,127,159,1,1,-0.65,0.02,5.96,100,119,24,165,14.55,36,161,77.64,3,4,11.2,10.6,1545,8.2,1546,0.897,2
12-13,Chicago Blackhawks*,26.8,48,36,7,5,77,0.802,149,97,6,5,1.04,-0.07,5.13,119,74,25,150,16.67,18,141,87.23,5,5,9.2,10,1494,10,1258,0.923,7
12-13,Colorado Avalanche,26.7,48,16,25,7,39,0.406,114,150,2,2,-0.73,0.02,5.5,90,111,21,140,15,36,183,80.33,3,3,12.5,9.8,1415,8.1,1508,0.901,3
12-13,Columbus Blue Jackets,26.3,48,24,17,7,55,0.573,115,115,5,4,0.03,0.01,4.79,90,88,22,155,14.19,25,144,82.64,3,2,12.6,12.8,1283,9,1436,0.92,4
12-13,Dallas Stars,28.2,48,22,22,4,48,0.5,128,141,2,1,-0.21,0.05,5.6,97,104,29,171,16.96,34,179,81.01,2,3,13,13,1261,10.2,1489,0.905,1
12-13,Detroit Red Wings*,28.2,48,24,16,8,56,0.583,122,110,2,5,0.2,0.01,4.83,85,75,34,185,18.38,30,164,81.71,3,5,9.8,11.5,1447,8.4,1322,0.917,5
12-13,Edmonton Oilers,26.4,48,19,22,7,45,0.469,123,131,2,3,-0.22,-0.03,5.29,85,101,34,169,20.12,29,175,83.43,4,1,10.8,11.4,1285,9.6,1572,0.917,3
12-13,Florida Panthers,27.8,48,15,27,6,36,0.375,109,170,3,1,-1.18,0.05,5.81,76,130,29,142,20.42,39,151,74.17,4,1,11.3,10.2,1400,7.8,1504,0.887,0
12-13,Los Angeles Kings*,26.5,48,27,16,5,59,0.615,131,114,2,4,0.29,-0.02,5.1,96,86,33,166,19.88,27,161,83.23,2,1,10,10.6,1431,9.2,1198,0.905,2
12-13,Minnesota Wild*,27.8,48,26,19,3,55,0.573,118,125,4,2,-0.16,-0.05,5.06,90,99,27,151,17.88,26,135,80.74,1,0,11.4,11.8,1382,8.5,1299,0.904,3
12-13,Montreal Canadiens*,27.8,48,29,14,5,63,0.656,146,124,3,2,0.46,-0.02,5.63,104,87,42,203,20.69,35,173,79.77,0,2,13.3,14.9,1468,9.9,1293,0.904,4
12-13,Nashville Predators,27.3,48,16,23,9,41,0.427,109,133,2,6,-0.5,0.09,5.04,84,95,24,140,17.14,34,139,75.54,1,4,9.8,10.1,1244,8.8,1335,0.9,5
12-13,New Jersey Devils,30.8,48,19,19,10,48,0.5,110,122,2,7,-0.31,0.04,4.83,71,84,28,176,15.91,32,169,81.07,11,6,10.6,11.5,1362,8.1,1110,0.89,3
12-13,New York Islanders*,28.7,48,24,17,7,55,0.573,135,136,4,3,0.03,0.03,5.65,102,108,31,156,19.87,28,142,80.28,2,0,9.6,10.3,1485,9.1,1352,0.899,3
12-13,New York Rangers*,27.2,48,26,18,4,56,0.583,126,108,4,4,0.38,0,4.88,97,76,24,153,15.69,28,148,81.08,5,4,9.3,10.1,1483,8.5,1353,0.92,2
12-13,Ottawa Senators*,27.4,48,25,17,6,56,0.583,112,100,4,4,0.27,0.02,4.42,85,79,25,157,15.92,20,167,88.02,2,1,13.6,13.8,1591,7,1502,0.933,4
12-13,Philadelphia Flyers,27.9,48,23,22,3,49,0.51,132,139,1,2,-0.14,0.03,5.65,93,110,37,171,21.64,26,184,85.87,2,3,15.7,15.6,1394,9.5,1371,0.899,1
12-13,Phoenix Coyotes,28.4,48,21,18,9,51,0.531,121,125,4,6,-0.1,0.03,5.13,94,89,25,169,14.79,34,169,79.88,2,2,10.5,10.1,1482,8.2,1467,0.915,6
12-13,Pittsburgh Penguins*,29,48,36,12,0,72,0.75,162,119,3,0,0.91,-0.05,5.85,118,82,42,170,24.71,34,167,79.64,2,3,11.7,12.1,1438,11.3,1403,0.915,5
12-13,San Jose Sharks*,28.9,48,25,16,7,57,0.594,116,112,8,4,0.17,0.01,4.75,79,86,34,169,20.12,22,147,85.03,3,4,10.9,11.2,1526,7.6,1390,0.919,5
12-13,St. Louis Blues*,26.3,48,29,17,2,60,0.625,124,114,5,1,0.31,0.02,4.96,92,86,29,149,19.46,23,150,84.67,3,5,11.1,11.3,1336,9.3,1161,0.902,7
12-13,Tampa Bay Lightning,27.7,48,18,26,4,40,0.417,147,147,1,3,-0.11,-0.07,6.13,116,113,31,163,19.02,30,155,80.65,0,4,12,13,1323,11.1,1451,0.899,1
12-13,Toronto Maple Leafs*,26,48,26,17,5,57,0.594,145,128,0,5,0.27,0.02,5.69,113,105,31,166,18.67,19,157,87.9,1,4,16.1,15.2,1264,11.5,1549,0.917,6
12-13,Vancouver Canucks*,28.2,48,26,15,7,59,0.615,122,115,5,6,0.07,-0.06,4.94,94,85,26,165,15.76,27,169,84.02,2,3,12.7,13.1,1350,9,1389,0.917,7
12-13,Washington Capitals*,26.6,48,27,18,3,57,0.594,146,130,3,0,0.31,-0.09,5.75,99,90,44,164,26.83,36,163,77.91,3,4,10.8,11.5,1350,10.8,1551,0.916,4
12-13,Winnipeg Jets,26.4,48,24,21,3,51,0.531,126,141,2,3,-0.36,-0.03,5.56,105,110,20,145,13.79,28,138,79.71,1,3,11.1,10.5,1389,9.1,1424,0.901,1
11-12,Anaheim Ducks,28.5,82,34,36,12,80,0.488,201,224,3,7,-0.29,0.04,5.18,152,168,45,271,16.61,51,283,81.98,4,5,12,11.2,2291,8.8,2367,0.905,4
11-12,Boston Bruins*,28.8,82,49,29,4,102,0.622,260,199,9,3,0.75,-0.07,5.6,209,155,43,250,17.2,43,260,83.46,8,1,13.5,11.9,2653,9.8,2441,0.918,8
11-12,Buffalo Sabres,27,82,39,32,11,89,0.543,211,223,7,7,-0.15,0,5.29,162,169,44,258,17.05,47,257,81.71,5,7,11,12,2397,8.8,2571,0.913,7
11-12,Calgary Flames,29.6,82,37,29,16,90,0.549,199,217,3,9,-0.28,0.01,5.07,150,169,46,260,17.69,42,268,84.33,3,6,10.8,10.5,2258,8.8,2528,0.914,4
11-12,Carolina Hurricanes,26.5,82,33,33,16,82,0.5,212,237,1,6,-0.39,-0.02,5.48,151,184,49,294,16.67,49,252,80.56,12,4,9.3,10.9,2497,8.5,2653,0.911,6
11-12,Chicago Blackhawks*,27,82,45,26,11,101,0.616,241,231,7,7,0.14,0.02,5.76,192,177,42,277,15.16,51,233,78.11,7,3,10.3,11.3,2583,9.3,2343,0.901,0
11-12,Colorado Avalanche,25.9,82,41,35,6,88,0.537,199,218,9,2,-0.13,0.01,5.09,153,167,41,223,18.39,47,277,83.03,5,4,11,9.5,2583,7.7,2426,0.91,6
11-12,Columbus Blue Jackets,26.7,82,29,46,7,65,0.396,198,257,4,5,-0.65,0.08,5.55,142,185,49,317,15.46,64,274,76.64,7,8,12.6,14.1,2454,8.1,2537,0.899,2
11-12,Dallas Stars,28.4,82,42,35,5,89,0.543,204,218,7,4,-0.1,0.03,5.15,166,163,33,244,13.52,52,303,82.84,5,3,12.6,10.9,2314,8.8,2527,0.914,5
11-12,Detroit Red Wings*,30,82,48,28,6,102,0.622,239,200,9,3,0.55,0,5.35,189,139,48,298,16.11,50,274,81.75,2,11,8.5,10.4,2638,9.1,2212,0.91,7
11-12,Edmonton Oilers,27.4,82,32,40,10,74,0.451,207,232,5,7,-0.32,0.01,5.35,148,172,54,262,20.61,52,296,82.43,5,8,11.5,10,2186,9.5,2518,0.908,4
11-12,Florida Panthers*,29,82,38,26,18,94,0.573,197,216,6,11,-0.33,-0.03,5.04,140,161,53,286,18.53,49,239,79.5,4,6,9.7,10.9,2433,8.1,2505,0.914,4
11-12,Los Angeles Kings*,26.7,82,40,27,15,95,0.579,188,170,6,9,0.19,0.01,4.37,130,130,49,289,16.96,38,293,87.03,9,2,11.3,11.1,2509,7.5,2248,0.924,11
11-12,Minnesota Wild,27.4,82,35,36,11,81,0.494,166,217,11,9,-0.58,0.02,4.67,122,162,39,258,15.12,51,285,82.11,5,4,12.1,12.3,2174,7.6,2570,0.916,6
11-12,Montreal Canadiens,26.8,82,31,35,16,78,0.476,207,214,5,12,-0.17,0,5.13,154,170,43,301,14.29,36,315,88.57,10,8,11.6,11.9,2340,8.8,2432,0.912,4
11-12,Nashville Predators*,26.8,82,48,26,8,104,0.634,232,205,5,5,0.34,0.01,5.33,173,161,54,250,21.6,40,244,83.61,5,4,8.4,8.3,2261,10.3,2522,0.919,5
11-12,New Jersey Devils*,30.1,82,48,28,6,102,0.622,216,205,12,4,0.23,0,5.13,155,165,46,267,17.23,27,259,89.58,15,13,11.5,10.7,2253,9.6,2199,0.907,7
11-12,New York Islanders,27.8,82,34,37,11,79,0.482,196,251,7,4,-0.58,0.05,5.45,147,200,45,243,18.52,46,236,80.51,4,5,9.3,9,2410,8.1,2469,0.898,3
11-12,New York Rangers*,26.5,82,51,24,7,109,0.665,222,182,4,5,0.46,-0.02,4.93,170,142,44,280,15.71,36,260,86.15,8,4,12.9,14.5,2338,9.5,2281,0.92,10
11-12,Ottawa Senators*,27.8,82,41,31,10,92,0.561,243,236,6,4,0.09,-0.02,5.84,185,172,49,270,18.15,57,310,81.61,9,7,14,12.2,2574,9.4,2627,0.91,4
11-12,Philadelphia Flyers*,27.3,82,47,26,9,103,0.628,260,225,4,7,0.39,0,5.91,188,158,66,335,19.7,58,319,81.82,6,9,16.1,16.4,2641,9.8,2329,0.903,6
11-12,Phoenix Coyotes*,28.9,82,42,27,13,97,0.591,210,194,6,10,0.16,0.01,4.93,170,152,34,251,13.55,36,249,85.54,6,6,9.2,9.6,2428,8.6,2592,0.925,8
11-12,Pittsburgh Penguins*,28.5,82,51,25,6,108,0.659,273,218,9,3,0.71,-0.03,5.99,205,175,57,289,19.72,33,270,87.78,11,10,10.7,12.3,2779,9.8,2247,0.903,3
11-12,San Jose Sharks*,28.1,82,43,29,10,96,0.585,219,205,9,5,0.22,0,5.17,159,149,57,270,21.11,52,225,76.89,3,4,9.6,11.2,2773,7.9,2342,0.912,6
11-12,St. Louis Blues*,26.5,82,49,22,11,109,0.665,206,155,4,10,0.54,-0.01,4.4,154,112,45,269,16.73,40,282,85.82,7,3,13,12.1,2511,8.2,2190,0.929,15
11-12,Tampa Bay Lightning,29.5,82,38,36,8,84,0.512,232,278,3,3,-0.57,-0.01,6.22,189,207,41,269,15.24,59,284,79.23,2,12,10.5,10.2,2227,10.4,2501,0.889,2
11-12,Toronto Maple Leafs,25.9,82,35,37,10,80,0.488,227,259,4,5,-0.38,0.02,5.93,173,198,49,267,18.35,55,242,77.27,5,6,10,10.4,2322,9.8,2528,0.898,7
11-12,Vancouver Canucks*,28.5,82,51,22,9,111,0.677,241,191,8,7,0.57,-0.05,5.27,177,147,57,288,19.79,40,286,86.01,7,4,12.8,12.4,2583,9.3,2526,0.924,9
11-12,Washington Capitals*,27.6,82,42,32,8,92,0.561,218,226,4,4,-0.13,-0.03,5.41,174,167,41,245,16.73,49,266,81.58,3,10,9.4,8.3,2295,9.5,2475,0.909,8
11-12,Winnipeg Jets,26.2,82,37,35,10,84,0.512,221,242,4,4,-0.3,-0.04,5.65,173,176,45,251,17.93,58,292,80.14,3,8,11,9.7,2471,8.9,2470,0.902,6
10-11,Anaheim Ducks*,28.9,82,47,30,5,99,0.604,235,233,4,2,0.09,0.05,5.71,161,169,67,285,23.51,57,305,81.31,7,7,14.4,13.4,2334,10.1,2648,0.912,7
10-11,Atlanta Thrashers,26.1,82,34,36,12,80,0.488,218,262,5,7,-0.57,-0.01,5.85,159,189,53,289,18.34,64,285,77.54,6,10,11.3,10.7,2581,8.4,2638,0.901,5
10-11,Boston Bruins*,28.3,82,46,25,11,103,0.628,244,189,2,6,0.56,-0.07,5.28,190,138,43,266,16.17,46,265,82.64,11,5,13.6,13.8,2696,9.1,2682,0.93,11
10-11,Buffalo Sabres*,27.5,82,43,29,10,96,0.585,240,228,5,1,0.15,-0.04,5.71,184,164,54,279,19.35,51,300,83,2,13,11.7,11.4,2690,8.9,2514,0.909,6
10-11,Calgary Flames,30,82,41,29,12,94,0.573,241,230,9,7,0.14,-0.02,5.74,172,168,62,318,19.5,53,282,81.21,7,9,10.2,11.2,2501,9.6,2338,0.902,6
10-11,Carolina Hurricanes,26.6,82,40,31,11,91,0.555,231,234,5,5,-0.08,-0.04,5.67,169,177,55,346,15.9,51,272,81.25,7,6,10.2,12.8,2517,9.2,2725,0.914,4
10-11,Chicago Blackhawks*,26.7,82,44,29,9,97,0.591,252,220,6,5,0.41,0.01,5.76,182,163,64,277,23.1,53,255,79.22,6,4,9,9.5,2637,9.6,2354,0.907,5
10-11,Colorado Avalanche,25.9,82,30,44,8,68,0.415,221,287,6,1,-0.7,0.05,6.2,164,201,49,265,18.49,75,314,76.11,8,11,13.1,11.6,2394,9.2,2609,0.89,1
10-11,Columbus Blue Jackets,26.8,82,34,35,13,81,0.494,210,250,5,8,-0.45,0.08,5.61,162,177,42,301,13.95,62,314,80.25,6,11,13.6,13.8,2506,8.4,2447,0.898,6
10-11,Dallas Stars,28,82,42,29,11,95,0.579,222,226,5,7,-0.02,0.05,5.46,157,156,55,306,17.97,55,277,80.14,10,15,13,13.8,2269,9.8,2504,0.91,5
10-11,Detroit Red Wings*,30.7,82,47,25,10,104,0.634,257,237,4,4,0.27,0.03,6.02,185,177,67,301,22.26,53,300,82.33,5,7,9.1,9.5,2757,9.3,2514,0.906,3
10-11,Edmonton Oilers,26.2,82,25,45,12,62,0.378,191,260,2,9,-0.87,0.06,5.5,139,184,44,304,14.47,74,321,76.95,8,2,15.5,14.5,2188,8.7,2597,0.9,4
10-11,Florida Panthers,28.3,82,30,40,12,72,0.439,191,222,4,7,-0.43,-0.01,5.04,152,176,35,267,13.11,41,267,84.64,4,5,8.7,9.1,2493,7.7,2609,0.915,7
10-11,Los Angeles Kings*,26.3,82,46,30,6,98,0.598,209,196,10,2,0.29,0.03,4.94,158,150,47,291,16.15,40,276,85.51,4,6,11.7,11.8,2363,8.8,2288,0.914,9
10-11,Minnesota Wild,28.9,82,39,35,8,86,0.524,203,228,3,5,-0.3,0.03,5.26,143,168,53,292,18.15,53,309,82.85,7,7,12,12.1,2148,9.5,2625,0.913,5
10-11,Montreal Canadiens*,27.6,82,44,30,8,96,0.585,213,206,3,3,0.05,-0.04,5.11,151,149,57,290,19.66,51,327,84.4,5,6,13.3,12.9,2602,8.2,2537,0.919,8
10-11,Nashville Predators*,26.7,82,44,27,11,99,0.604,213,190,6,4,0.31,0.01,4.91,167,147,41,269,15.24,41,272,84.93,5,2,8.8,8.5,2361,9,2510,0.924,8
10-11,New Jersey Devils,29.9,82,38,39,5,81,0.494,171,207,3,2,-0.41,0.02,4.61,134,159,34,237,14.35,40,241,83.4,3,8,9.3,9.6,2344,7.3,2152,0.904,9
10-11,New York Islanders,26.2,82,30,39,13,73,0.445,225,258,4,6,-0.42,0.01,5.89,158,199,52,302,17.22,52,310,83.23,15,7,18.5,16.2,2408,9.3,2620,0.902,2
10-11,New York Rangers*,26.2,82,44,33,5,93,0.567,224,195,9,3,0.37,-0.06,5.11,164,148,49,290,16.9,42,257,83.66,11,5,13.1,14.6,2453,9.1,2410,0.919,11
10-11,Ottawa Senators,28.1,82,32,40,10,74,0.451,190,245,2,5,-0.69,0.02,5.3,139,193,45,257,17.51,48,295,83.73,6,4,14,11.8,2381,8,2559,0.904,5
10-11,Philadelphia Flyers*,27.6,82,47,23,12,106,0.646,256,216,3,7,0.4,-0.04,5.76,194,157,49,295,16.61,54,313,82.75,13,5,13.6,13.3,2605,9.8,2471,0.913,0
10-11,Phoenix Coyotes*,29,82,43,26,13,99,0.604,226,220,5,6,0.11,0.05,5.44,175,150,46,289,15.92,64,296,78.38,5,6,10.5,10.1,2486,9.1,2673,0.918,9
10-11,Pittsburgh Penguins*,27.4,82,49,25,8,106,0.646,228,196,10,3,0.43,-0.05,5.17,166,145,49,311,15.76,45,324,86.11,13,6,16.9,16.5,2581,8.8,2352,0.917,5
10-11,San Jose Sharks*,27.9,82,48,25,9,105,0.64,243,208,5,5,0.44,0.02,5.5,169,145,68,290,23.45,56,273,79.49,6,7,11.3,12,2832,8.6,2368,0.912,6
10-11,St. Louis Blues,25.7,82,38,33,11,87,0.53,236,228,4,6,0.11,0.04,5.66,177,176,52,279,18.64,51,279,81.72,7,1,14.9,15.5,2475,9.5,2274,0.9,10
10-11,Tampa Bay Lightning*,29,82,46,25,11,103,0.628,241,234,6,6,0.04,-0.05,5.79,171,169,69,336,20.54,49,302,83.77,1,16,11,11.6,2605,9.3,2354,0.901,7
10-11,Toronto Maple Leafs,25.7,82,37,34,11,85,0.518,213,245,5,6,-0.41,0,5.59,156,175,52,326,15.95,62,275,77.45,5,8,12,13.7,2360,9,2540,0.904,3
10-11,Vancouver Canucks*,28.1,82,54,19,9,117,0.713,258,180,4,5,0.87,-0.07,5.34,180,133,72,296,24.32,45,312,85.58,6,2,11.5,11.2,2624,9.8,2470,0.927,5
10-11,Washington Capitals*,25.9,82,48,23,11,107,0.652,219,191,5,6,0.27,-0.06,5,166,143,46,263,17.49,43,299,85.62,7,5,11.3,10.6,2566,8.5,2375,0.92,8
09-10,Anaheim Ducks,27.9,82,39,32,11,89,0.543,233,243,5,8,-0.07,0.09,5.8,162,167,63,300,21,67,323,79.26,8,9,16.1,15.8,2472,9.4,2736,0.911,3
09-10,Atlanta Thrashers,27.5,82,35,34,13,83,0.506,230,250,4,6,-0.33,-0.06,5.85,170,189,51,316,16.14,57,320,82.19,9,4,12.8,13,2409,9.5,2716,0.908,5
09-10,Boston Bruins*,28.1,82,39,30,13,91,0.555,196,191,10,9,0.01,-0.06,4.72,146,150,44,265,16.6,37,272,86.4,6,3,11.6,11.6,2599,7.5,2444,0.922,10
09-10,Buffalo Sabres*,27.8,82,45,27,10,100,0.61,231,201,4,6,0.26,-0.08,5.27,172,160,55,313,17.57,38,284,86.62,4,3,11.2,11.7,2588,8.9,2573,0.922,5
09-10,Calgary Flames,28.8,82,40,32,10,90,0.549,201,203,3,7,-0.03,0.04,4.93,150,147,43,268,16.04,54,305,82.3,7,1,13.9,13.2,2350,8.6,2372,0.914,4
09-10,Carolina Hurricanes,28.9,82,35,37,10,80,0.488,226,251,4,5,-0.37,-0.05,5.82,163,181,56,329,17.02,62,320,80.63,7,8,11.8,11.8,2402,9.4,2574,0.902,1
09-10,Chicago Blackhawks*,26.6,82,52,22,8,112,0.683,262,203,9,6,0.77,0.02,5.67,197,159,52,294,17.69,40,266,84.96,13,4,11.3,11.7,2798,9.4,2058,0.901,11
09-10,Colorado Avalanche*,26.4,82,43,30,9,95,0.579,237,228,7,5,0.16,0.02,5.67,173,159,56,310,18.06,60,303,80.2,8,9,12.5,13.5,2287,10.4,2629,0.913,8
09-10,Columbus Blue Jackets,26.1,82,32,35,15,79,0.482,214,249,2,10,-0.42,0.11,5.65,152,179,56,308,18.18,61,334,81.74,6,8,13.2,12.6,2338,9.2,2514,0.901,7
09-10,Dallas Stars,28.3,82,37,31,14,88,0.537,230,244,7,10,-0.12,0.09,5.78,160,171,61,328,18.6,65,288,77.43,8,8,11.7,12.7,2523,9.1,2559,0.905,4
09-10,Detroit Red Wings*,30.3,82,44,24,14,102,0.622,223,207,6,9,0.23,0.07,5.24,156,163,59,307,19.22,43,267,83.9,8,1,8.8,9.9,2737,8.1,2413,0.914,4
09-10,Edmonton Oilers,27.1,82,27,47,8,62,0.378,206,278,8,6,-0.76,0.09,5.9,148,206,52,301,17.28,67,305,78.03,6,5,13.8,13.5,2321,8.9,2716,0.898,3
09-10,Florida Panthers,28.1,82,32,37,13,77,0.47,202,234,6,10,-0.47,-0.03,5.32,151,167,44,309,14.24,59,286,79.37,7,8,11.9,12.8,2331,8.7,2800,0.916,8
09-10,Los Angeles Kings*,26.2,82,46,27,9,101,0.616,231,211,10,8,0.32,0.05,5.39,163,145,64,307,20.85,60,304,80.26,4,6,11.9,12.5,2389,9.7,2260,0.907,5
09-10,Minnesota Wild,28.6,82,38,36,8,84,0.512,214,239,5,7,-0.26,0.07,5.52,151,173,59,309,19.09,53,306,82.68,3,13,11.3,11.2,2266,9.4,2415,0.901,3
09-10,Montreal Canadiens*,27.5,82,39,33,10,88,0.537,210,218,7,5,-0.14,-0.07,5.22,149,157,57,261,21.84,53,311,82.96,3,8,11.4,11.3,2345,9,2634,0.917,5
09-10,Nashville Predators*,27.6,82,47,29,6,100,0.61,217,221,8,4,0.06,0.06,5.34,165,156,47,286,16.43,59,258,77.13,5,5,8.7,9.9,2508,8.7,2396,0.908,8
09-10,New Jersey Devils*,30.5,82,48,27,7,103,0.628,216,186,6,5,0.31,-0.07,4.9,158,140,51,272,18.75,41,240,82.92,7,5,10.5,11.4,2459,8.8,2213,0.916,9
09-10,New York Islanders,28.3,82,34,37,11,79,0.482,214,258,8,6,-0.53,-0.02,5.76,158,184,49,306,16.01,71,300,76.33,7,3,11.6,12.2,2493,8.6,2619,0.901,3
09-10,New York Rangers,26.8,82,38,33,11,87,0.53,219,214,3,4,0,-0.05,5.28,159,158,55,301,18.27,50,318,84.28,5,6,14.1,13.2,2425,9,2450,0.913,5
09-10,Ottawa Senators*,27.9,82,44,32,6,94,0.573,220,233,5,5,-0.22,-0.06,5.52,165,179,49,290,16.9,50,318,84.28,5,4,13.9,13.2,2436,9,2340,0.9,6
09-10,Philadelphia Flyers*,27.7,82,41,35,6,88,0.537,232,222,4,3,0.08,-0.06,5.54,158,157,68,318,21.38,57,334,82.93,5,7,16.6,15.3,2589,9,2346,0.905,5
09-10,Phoenix Coyotes*,28.2,82,50,25,7,107,0.652,211,196,14,6,0.34,0.06,4.96,162,141,46,314,14.65,49,317,84.54,3,6,11.3,10.8,2502,8.4,2427,0.919,8
09-10,Pittsburgh Penguins*,27.8,82,47,28,7,101,0.616,249,235,8,2,0.17,-0.07,5.9,186,175,56,326,17.18,52,327,84.1,7,8,14.6,14.7,2688,9.3,2350,0.9,1
09-10,San Jose Sharks*,29.3,82,51,20,11,113,0.689,257,209,7,6,0.65,0.05,5.68,184,151,65,309,21.04,49,324,84.88,8,9,14.1,13.1,2602,9.9,2571,0.919,3
09-10,St. Louis Blues,27.9,82,40,32,10,90,0.549,218,218,7,5,0.08,0.06,5.32,159,167,53,308,17.21,45,342,86.84,6,6,16.1,15.8,2445,8.9,2473,0.912,6
09-10,Tampa Bay Lightning,27,82,34,36,12,80,0.488,213,253,4,7,-0.56,-0.03,5.68,148,180,63,326,19.33,67,336,80.06,2,6,16.8,16,2367,9,2575,0.902,3
09-10,Toronto Maple Leafs,27,82,30,38,14,74,0.451,210,263,4,4,-0.68,-0.03,5.77,162,183,44,315,13.97,73,288,74.65,4,6,13.3,13.5,2671,7.9,2440,0.892,5
09-10,Vancouver Canucks*,28.1,82,49,28,5,103,0.628,268,218,4,4,0.6,-0.01,5.93,191,155,68,323,21.05,59,320,81.56,8,6,15.5,15.1,2534,10.6,2419,0.91,5
09-10,Washington Capitals*,27.2,82,54,15,13,121,0.738,313,227,5,6,0.9,-0.14,6.59,230,152,79,313,25.24,67,316,78.8,4,8,11.6,11.2,2693,11.6,2535,0.91,3
08-09,Anaheim Ducks*,29.2,82,42,33,7,91,0.555,238,235,7,3,0.09,0,5.77,159,149,73,309,23.62,78,385,79.74,6,8,17.4,15.4,2481,9.6,2499,0.906,6
08-09,Atlanta Thrashers,27.9,82,35,41,6,76,0.463,250,279,7,1,-0.3,-0.02,6.45,168,181,69,357,19.33,88,366,75.96,13,10,15.3,14.6,2306,10.8,2683,0.896,3
08-09,Boston Bruins*,28.4,82,53,19,10,116,0.707,270,190,4,6,0.89,-0.06,5.61,188,129,74,313,23.64,54,306,82.35,8,7,12.5,12.8,2482,10.9,2524,0.925,7
08-09,Buffalo Sabres,28.1,82,41,32,9,91,0.555,242,229,8,5,0.18,-0.02,5.74,160,163,75,358,20.95,61,336,81.85,7,5,13.7,14.6,2505,9.7,2575,0.911,5
08-09,Calgary Flames*,28.9,82,46,30,6,98,0.598,251,246,3,2,0.07,0,6.06,184,173,61,358,17.04,58,349,83.38,6,15,15.8,15.6,2643,9.5,2441,0.899,4
08-09,Carolina Hurricanes*,27.9,82,45,30,7,97,0.591,236,221,3,5,0.11,-0.05,5.57,158,153,70,374,18.72,59,301,80.4,8,9,9.8,12.5,2675,8.8,2419,0.909,6
08-09,Chicago Blackhawks*,25.9,82,46,24,12,104,0.634,260,209,4,7,0.6,0.01,5.72,180,139,70,363,19.28,64,330,80.61,10,6,14.1,15.2,2683,9.7,2344,0.911,6
08-09,Colorado Avalanche,28.6,82,32,45,5,69,0.421,190,253,9,4,-0.66,0.05,5.4,136,181,50,318,15.72,64,318,79.87,4,8,13,12.6,2359,8.1,2376,0.894,2
08-09,Columbus Blue Jackets*,25.8,82,41,31,10,92,0.561,220,223,6,7,-0.01,0.04,5.4,171,149,41,322,12.73,62,346,82.08,8,12,15,14.1,2370,9.3,2281,0.902,11
08-09,Dallas Stars,28.5,82,36,35,11,83,0.506,224,251,6,6,-0.3,0.03,5.79,168,177,54,351,15.38,70,327,78.59,2,4,14,15,2369,9.5,2303,0.891,3
08-09,Detroit Red Wings*,31.2,82,51,21,10,112,0.683,289,240,6,4,0.62,0,6.45,193,165,90,353,25.5,71,327,78.29,6,4,10,10.9,2965,9.7,2274,0.894,8
08-09,Edmonton Oilers,28.8,82,38,35,9,85,0.518,228,244,6,4,-0.16,0.01,5.76,165,160,60,354,16.95,76,338,77.51,3,8,15.2,15.4,2303,9.9,2668,0.909,1
08-09,Florida Panthers,28.6,82,41,30,11,93,0.567,231,223,3,8,0,-0.04,5.54,173,160,51,308,16.56,54,311,82.64,7,9,11,11.3,2411,9.6,2843,0.922,9
08-09,Los Angeles Kings,25.5,82,34,37,11,79,0.482,202,226,5,8,-0.29,0.04,5.22,129,156,69,360,19.17,62,361,82.83,4,8,14.7,13.7,2383,8.5,2301,0.902,6
08-09,Minnesota Wild,27.7,82,40,33,9,89,0.543,214,197,5,3,0.22,-0.02,5.01,139,155,66,328,20.12,36,291,87.63,9,6,10.8,11.7,2257,9.5,2518,0.922,8
08-09,Montreal Canadiens*,27.6,82,41,30,11,93,0.567,242,240,7,7,0.02,-0.01,5.88,160,164,72,374,19.25,65,370,82.43,10,11,15,15.8,2461,9.8,2600,0.908,2
08-09,Nashville Predators,27.6,82,40,34,8,88,0.537,207,228,6,5,-0.19,0.06,5.3,148,161,50,318,15.72,59,338,82.54,9,8,12.1,11.8,2375,8.7,2411,0.905,10
08-09,New Jersey Devils*,30.3,82,51,27,4,106,0.646,238,207,6,2,0.38,-0.05,5.43,168,138,58,307,18.89,65,324,79.94,12,4,12.9,13.1,2698,8.8,2415,0.914,7
08-09,New York Islanders,27.7,82,26,47,9,61,0.372,198,274,3,5,-0.91,0.05,5.76,132,196,54,320,16.88,73,361,79.78,12,5,14.8,13.1,2372,8.3,2751,0.9,3
08-09,New York Rangers*,27,82,43,30,9,95,0.579,200,212,10,6,-0.1,-0.01,5.02,143,158,48,346,13.87,40,329,87.84,9,14,14.6,14.9,2658,7.5,2433,0.913,4
08-09,Ottawa Senators,27.9,82,36,35,11,83,0.506,213,231,4,6,-0.23,0.01,5.41,139,162,66,339,19.47,64,346,81.5,8,5,13.4,13.1,2405,8.9,2336,0.901,3
08-09,Philadelphia Flyers*,27,82,44,27,11,99,0.604,260,232,4,6,0.28,-0.04,6,173,164,71,316,22.47,67,393,82.95,16,1,17.5,14.8,2441,10.7,2668,0.913,3
08-09,Phoenix Coyotes,26.6,82,36,39,7,79,0.482,205,249,3,3,-0.5,0.04,5.54,150,177,50,341,14.66,68,293,76.79,5,4,13.3,15,2302,8.9,2591,0.904,4
08-09,Pittsburgh Penguins*,26.6,82,45,28,9,99,0.604,258,233,6,6,0.28,-0.02,5.99,189,160,62,360,17.22,60,347,82.71,7,13,13.6,14.2,2381,10.8,2484,0.906,4
08-09,San Jose Sharks*,28.7,82,53,18,11,117,0.713,251,199,6,5,0.61,-0.04,5.49,152,137,87,360,24.17,51,304,83.22,12,11,12.8,14.1,2720,9.2,2228,0.911,9
08-09,St. Louis Blues*,27.1,82,41,31,10,92,0.561,227,227,6,6,0.05,0.05,5.54,145,161,72,351,20.51,58,357,83.75,10,8,15.2,15.4,2271,10,2341,0.903,7
08-09,Tampa Bay Lightning,27.4,82,24,40,18,66,0.402,207,269,3,10,-0.81,0.03,5.8,142,171,61,343,17.78,89,405,78.02,4,9,15.9,13.4,2337,8.9,2701,0.9,3
08-09,Toronto Maple Leafs,28,82,34,35,13,81,0.494,244,286,6,7,-0.49,0.03,6.46,176,201,62,330,18.79,78,308,74.68,6,7,13.7,14.4,2603,9.4,2480,0.885,1
08-09,Vancouver Canucks*,27.9,82,45,27,10,100,0.61,243,213,3,7,0.3,-0.02,5.56,169,139,67,357,18.77,69,371,81.4,7,5,16.5,16.3,2335,10.4,2392,0.911,10
08-09,Washington Capitals*,27.2,82,50,24,8,108,0.659,268,240,4,5,0.27,-0.06,6.2,176,154,85,337,25.22,75,387,80.62,7,11,12.7,11.4,2747,9.8,2418,0.901,2
07-08,Anaheim Ducks*,29.7,82,47,27,8,102,0.622,197,184,8,7,0.3,0.13,4.65,129,108,60,361,16.62,69,408,83.09,8,7,18.1,16.9,2241,8.8,2299,0.92,4
07-08,Atlanta Thrashers,29.3,82,34,40,8,76,0.463,207,266,9,6,-0.8,-0.12,5.77,142,181,52,316,16.46,75,354,78.81,13,10,13.1,11.4,2115,9.8,2782,0.904,5
07-08,Boston Bruins*,28.1,82,41,29,12,94,0.573,206,215,6,7,-0.2,-0.08,5.13,141,138,56,319,17.55,71,332,78.61,9,6,13,12.9,2339,8.8,2495,0.914,6
07-08,Buffalo Sabres,26.8,82,39,31,12,90,0.549,251,233,4,9,0.05,-0.11,5.9,176,168,66,366,18.03,56,333,83.18,9,8,12.2,13.5,2478,10.1,2326,0.9,5
07-08,Calgary Flames*,29.5,82,42,30,10,94,0.573,226,224,3,3,0.13,0.1,5.49,158,144,59,352,16.76,72,389,81.49,9,8,16.4,15.3,2316,9.8,2335,0.904,2
07-08,Carolina Hurricanes,29.3,82,43,33,6,92,0.561,250,246,2,3,-0.15,-0.18,6.05,167,158,79,420,18.81,75,355,78.87,4,13,14.4,16.6,2669,9.4,2368,0.896,4
07-08,Chicago Blackhawks,26.8,82,40,34,8,88,0.537,234,231,5,4,0.16,0.12,5.67,159,156,58,365,15.89,69,385,82.08,17,6,16.8,16.1,2298,10.2,2346,0.902,4
07-08,Colorado Avalanche*,28.5,82,44,31,7,95,0.579,224,216,7,3,0.24,0.09,5.37,173,155,49,335,14.63,56,301,81.4,2,5,12.1,12.9,2349,9.5,2237,0.903,3
07-08,Columbus Blue Jackets,27.2,82,34,36,12,80,0.488,190,210,3,8,-0.16,0.15,4.88,129,142,53,356,14.89,63,378,83.33,8,5,16.2,15.2,2381,8,2249,0.907,11
07-08,Dallas Stars*,29,82,45,30,7,97,0.591,237,204,5,3,0.54,0.11,5.38,160,145,64,354,18.08,51,354,85.59,13,8,14.3,14.6,2187,10.8,2137,0.905,5
07-08,Detroit Red Wings*,32.1,82,54,21,7,115,0.701,252,179,5,5,0.93,0.04,5.26,166,115,81,391,20.72,57,357,84.03,5,7,11.4,12.7,2820,8.9,1930,0.907,9
07-08,Edmonton Oilers,27.1,82,41,35,6,88,0.537,220,247,15,4,-0.07,0.12,5.7,156,181,57,344,16.57,56,366,84.7,7,10,14.3,13.8,2156,10.2,2573,0.904,4
07-08,Florida Panthers,28.1,82,38,35,9,85,0.518,211,220,5,6,-0.29,-0.17,5.26,147,151,60,313,19.17,66,374,82.35,4,3,12.5,11.8,2549,8.3,2752,0.92,6
07-08,Los Angeles Kings,27.7,82,32,43,7,71,0.433,226,263,5,3,-0.24,0.19,5.96,151,191,64,367,17.44,68,309,77.99,11,4,11.6,12.7,2349,9.6,2625,0.9,3
07-08,Minnesota Wild*,27.7,82,44,28,10,98,0.598,220,210,3,8,0.16,0.1,5.24,153,151,64,338,18.93,49,330,85.15,3,10,13.4,14.1,2218,9.9,2469,0.915,5
07-08,Montreal Canadiens*,27.6,82,47,25,10,104,0.634,257,216,5,6,0.35,-0.14,5.77,159,151,90,374,24.06,60,342,82.46,8,3,13.3,14.1,2382,10.8,2589,0.917,6
07-08,Nashville Predators*,28.1,82,41,32,9,91,0.555,227,224,3,5,0.13,0.12,5.5,167,165,53,358,14.8,49,335,85.37,7,10,12.5,13.4,2425,9.4,2440,0.908,10
07-08,New Jersey Devils*,29.2,82,46,29,7,99,0.604,198,193,8,4,0,-0.11,4.77,142,133,50,320,15.63,54,314,82.8,6,7,11.9,12,2362,8.4,2257,0.914,4
07-08,New York Islanders,28.3,82,35,38,9,79,0.482,189,240,5,3,-0.65,-0.05,5.23,131,157,48,330,14.55,68,375,81.87,10,15,12.7,11.7,2431,7.8,2488,0.904,3
07-08,New York Rangers*,27.4,82,42,27,13,97,0.591,205,190,8,9,0.05,-0.12,4.82,140,130,61,370,16.49,53,343,84.55,4,6,14.1,14.3,2579,7.9,2124,0.911,12
07-08,Ottawa Senators*,28.5,82,43,31,8,94,0.573,258,242,3,5,0.06,-0.11,6.1,180,164,60,328,18.29,72,380,81.05,18,6,14.3,13.3,2471,10.4,2456,0.901,3
07-08,Philadelphia Flyers*,28.1,82,42,29,11,95,0.579,245,227,3,6,0.06,-0.12,5.76,148,156,84,385,21.82,65,388,83.25,13,6,17.9,17.3,2358,10.4,2609,0.913,6
07-08,Phoenix Coyotes,26.5,82,38,37,7,83,0.506,209,225,5,6,-0.04,0.17,5.29,135,149,63,339,18.58,64,332,80.72,11,12,14.5,13.6,2500,8.4,2518,0.911,6
07-08,Pittsburgh Penguins*,26.9,82,47,27,8,102,0.622,240,212,7,4,0.24,-0.14,5.51,157,134,77,378,20.37,68,357,80.95,6,10,14.4,15.1,2268,10.6,2523,0.916,8
07-08,San Jose Sharks*,27.7,82,49,23,10,108,0.659,216,187,6,6,0.47,0.12,4.91,139,134,70,374,18.72,44,310,85.81,7,9,13.1,15.7,2428,8.9,1981,0.906,7
07-08,St. Louis Blues,28.4,82,33,36,13,79,0.482,202,232,3,5,-0.24,0.16,5.29,152,163,47,334,14.07,56,359,84.4,3,13,14.1,13.6,2141,9.4,2249,0.897,5
07-08,Tampa Bay Lightning,27.9,82,31,42,9,71,0.433,221,266,2,1,-0.67,-0.13,5.94,157,203,57,296,19.26,56,312,82.05,7,7,12.7,11,2354,9.4,2311,0.885,3
07-08,Toronto Maple Leafs,28.4,82,36,35,11,83,0.506,228,256,3,4,-0.42,-0.06,5.9,163,169,61,343,17.78,77,352,78.13,4,10,13.3,12.4,2542,9,2402,0.893,4
07-08,Vancouver Canucks,28.1,82,39,33,10,88,0.537,207,206,6,9,0.08,0.11,5.04,136,135,63,369,17.07,64,368,82.61,8,7,18,18.6,2252,9.2,2367,0.913,6
07-08,Washington Capitals*,27.3,82,43,31,8,94,0.573,238,227,4,4,-0.06,-0.19,5.67,168,151,65,346,18.79,68,349,80.52,5,8,11.9,11.9,2538,9.4,2259,0.9,3
