Name,Team,Season,GP,TOI,GF%,SF%,FF%,CF%,xGF%,GF/60,GA/60,SF/60,SA/60,FF/60,FA/60,CF/60,CA/60,xGF/60,xGA/60,G±/60,S±/60,G±/60,F±/60,xG±/60,Sh%,Sv%
Ducks,ANA,18-19,82,4075.73,46.81,46.62,46.59,46.86,44.97,2.09,2.38,27.58,31.59,39.75,45.56,53.32,60.47,2.26,2.77,-0.29,-4,-5.81,-7.14,-0.51,7.59,92.47
Coyotes,ARI,18-19,82,4078.72,45.87,49.58,49.22,48.83,49.37,2.05,2.41,29.99,30.49,41.65,42.98,56.24,58.93,2.35,2.41,-0.37,-0.51,-1.32,-2.69,-0.06,6.82,92.08
Bruins,BOS,18-19,82,4125.25,56.01,53.84,53.92,53.45,53.03,2.47,1.94,32.21,27.61,44.66,38.16,58.47,50.91,2.45,2.17,0.53,4.59,6.5,7.56,0.28,7.67,92.98
Sabres,BUF,18-19,82,4142.15,44.36,48.87,49.28,49.34,47.32,2.28,2.86,31.5,32.97,42.96,44.22,55.26,56.75,2.24,2.5,-0.58,-1.46,-1.26,-1.48,-0.25,7.23,91.34
Hurricanes,CAR,18-19,82,4079.05,51.67,54.97,55.23,55.32,55.79,2.48,2.32,34.04,27.89,48.95,39.69,64.94,52.46,3.07,2.43,0.16,6.15,9.27,12.48,0.64,7.27,91.7
Blue Jackets,CBJ,18-19,82,4172.55,52.09,51.53,51.43,50.57,51.44,2.79,2.57,31.38,29.52,43.02,40.62,55.38,54.13,2.54,2.4,0.22,1.87,2.4,1.25,0.14,8.9,91.3
Flames,CGY,18-19,82,4009.82,55.12,53.44,53.34,53.99,53.23,2.88,2.35,31.91,27.8,44.75,39.15,60.7,51.73,2.67,2.34,0.54,4.11,5.6,8.97,0.32,9.03,91.56
Blackhawks,CHI,18-19,82,4131.67,49.6,48.27,48.2,49.09,45.65,2.81,2.85,31.71,33.98,41.65,44.77,56.83,58.95,2.38,2.84,-0.04,-2.27,-3.12,-2.12,-0.45,8.85,91.61
Avalanche,COL,18-19,82,3952.47,50,50.92,50.4,50.01,49.85,2.44,2.44,31.96,30.8,42.62,41.95,57.62,57.6,2.36,2.37,0,1.16,0.67,0.03,-0.01,7.65,92.07
Stars,DAL,18-19,82,4124.15,51.08,49.31,48.62,48.5,50.86,2.12,2.03,29.68,30.5,39.8,42.07,54.17,57.53,2.4,2.32,0.09,-0.82,-2.27,-3.36,0.08,7.15,93.34
Red Wings,DET,18-19,82,4150.83,45.71,45.93,46.13,46.86,45.05,2.26,2.68,28.08,33.05,38.8,45.31,51.99,58.96,2.24,2.73,-0.42,-4.98,-6.51,-6.97,-0.49,8.03,91.9
Oilers,EDM,18-19,82,4138.8,45.26,47.38,47.49,47.63,47.03,2.25,2.72,28.29,31.42,38.89,43,52.34,57.54,2.32,2.61,-0.47,-3.12,-4.11,-5.21,-0.29,7.95,91.34
Panthers,FLA,18-19,82,4108.18,46.47,50.42,49.92,49.3,47.72,2.48,2.86,31.11,30.59,42.11,42.23,54.75,56.3,2.33,2.56,-0.38,0.52,-0.13,-1.55,-0.22,7.97,90.66
Kings,L.A,18-19,82,4159.4,45.56,47.02,46.86,47.14,47.36,2.11,2.52,27.41,30.89,38.97,44.19,52.49,58.86,2.24,2.49,-0.41,-3.47,-5.22,-6.37,-0.25,7.69,91.85
Wild,MIN,18-19,82,4077.03,46.91,52.14,51.21,50.37,53.66,2.12,2.4,30.95,28.41,42.73,40.72,56.8,55.97,2.35,2.03,-0.28,2.54,2.01,0.83,0.32,6.86,91.54
Canadiens,MTL,18-19,82,4078.15,52.47,53.44,53.59,54.31,53.43,2.84,2.57,34.8,30.32,47.44,41.08,65.78,55.35,2.68,2.34,0.27,4.48,6.36,10.43,0.34,8.16,91.52
Devils,N.J,18-19,82,4034.38,43.61,47.6,46.74,46.07,48.14,2.23,2.88,29.21,32.16,39.65,45.19,50.88,59.56,2.3,2.47,-0.65,-2.95,-5.53,-8.68,-0.18,7.62,91.04
Predators,NSH,18-19,82,4015.85,53.99,52.23,52.35,52.27,50.82,2.57,2.19,32.63,29.84,44.99,40.95,59.61,54.42,2.51,2.43,0.38,2.79,4.04,5.18,0.08,7.89,92.65
Islanders,NYI,18-19,82,4154.03,55.99,49.12,48.83,48.57,51.37,2.42,1.9,28.3,29.32,38.99,40.86,52.94,56.06,2.41,2.28,0.52,-1.01,-1.87,-3.13,0.13,8.54,93.52
Rangers,NYR,18-19,82,4096.52,45.53,45.99,45.61,45.25,47.05,2.23,2.67,27.96,32.83,38.27,45.64,50.35,60.92,2.41,2.72,-0.44,-4.87,-7.37,-10.57,-0.3,7.99,91.86
Senators,OTT,18-19,82,4140.42,43.79,44.61,44.69,43.99,46.19,2.56,3.28,28.45,35.32,39.29,48.63,52.05,66.26,2.32,2.71,-0.72,-6.87,-9.34,-14.21,-0.38,8.98,90.71
Flyers,PHI,18-19,82,4074.53,46.19,47.45,48.03,47.5,48.46,2.54,2.96,29.52,32.7,40.77,44.11,54.8,60.57,2.39,2.54,-0.42,-3.17,-3.34,-5.77,-0.15,8.61,90.94
Penguins,PIT,18-19,82,4148.17,54.47,51.04,51.01,50.76,52.37,2.73,2.28,33.25,31.89,44.85,43.08,59.54,57.75,2.7,2.46,0.45,1.36,1.78,1.79,0.24,8.22,92.84
Sharks,S.J,18-19,82,4107.57,51.4,54.46,54.83,55.09,53.84,2.97,2.8,32.26,26.97,45.77,37.7,62.46,50.92,2.74,2.35,0.16,5.29,8.06,11.54,0.39,9.19,89.6
Blues,STL,18-19,82,4115.23,53.64,53.11,52.71,52.23,54.24,2.58,2.23,31.26,27.6,42.49,38.11,56.75,51.9,2.62,2.21,0.35,3.66,4.37,4.85,0.41,8.26,91.92
Lightning,T.B,18-19,82,4040.47,56.73,51.94,52.27,52.61,53.12,3.24,2.47,32.83,30.37,45.08,41.16,59.93,53.98,2.61,2.3,0.77,2.46,3.92,5.95,0.31,9.86,91.87
Maple Leafs,TOR,18-19,82,4160.55,54.91,49.5,50.4,52.1,51.72,3.13,2.57,32.33,32.98,47.3,46.55,65.11,59.86,2.82,2.63,0.56,-0.65,0.75,5.25,0.19,9.67,92.21
Canucks,VAN,18-19,82,4090.13,45.37,46.87,47.6,47.43,45.96,2.23,2.68,28.22,31.99,39.9,43.93,53.4,59.19,2.18,2.56,-0.46,-3.77,-4.03,-5.8,-0.38,7.9,91.61
Golden Knights,VGK,18-19,82,4093.53,51.96,54.25,54.72,54.89,55.36,2.62,2.42,33.7,28.42,46.35,38.36,63.24,51.96,2.83,2.28,0.2,5.28,7.99,11.27,0.55,7.76,91.49
Jets,WPG,18-19,82,4061.98,51.58,48.88,49.08,49.32,47.88,2.64,2.48,30.74,32.15,42.27,43.86,56.54,58.1,2.35,2.55,0.16,-1.41,-1.59,-1.56,-0.21,8.59,92.29
Capitals,WSH,18-19,82,4043.02,55.54,49.53,49.71,49.89,47.53,3.01,2.41,30.16,30.73,43,43.5,57.71,57.97,2.45,2.7,0.6,-0.57,-0.5,-0.26,-0.25,10,92.15
Ducks,ANA,17-18,82,4078,53.79,49.2,49.08,49.2,48.97,2.43,2.09,29.81,30.78,42.27,43.85,56.18,58,2.49,2.59,0.34,-0.97,-1.58,-1.82,-0.1,8.17,93.21
Coyotes,ARI,17-18,82,4162.87,46.5,47.25,46.44,47.64,46.41,2.16,2.48,28.39,31.7,40.33,46.51,55.8,61.33,2.21,2.55,-0.33,-3.31,-6.18,-5.54,-0.34,7.6,92.17
Bruins,BOS,17-18,82,4082.03,54.49,53.76,53.77,53.85,53.98,2.57,2.15,31.98,27.5,44.76,38.48,59.58,51.07,2.5,2.13,0.42,4.48,6.28,8.51,0.37,8.04,92.19
Sabres,BUF,17-18,82,4036.23,39.79,46.99,46.44,46.3,45.44,1.84,2.78,28.98,32.7,38.73,44.66,50.04,58.03,1.97,2.36,-0.94,-3.72,-5.93,-7.99,-0.39,6.33,91.5
Hurricanes,CAR,17-18,82,4196.48,46.49,53.15,53.32,54.49,52.64,2.34,2.7,32.61,28.74,45.91,40.19,62.62,52.3,2.61,2.35,-0.35,3.86,5.72,10.32,0.26,7.19,90.61
Blue Jackets,CBJ,17-18,82,4189.7,53.65,52.33,52.62,51.61,51.6,2.58,2.23,33.34,30.37,45.72,41.18,59.56,55.86,2.68,2.52,0.35,2.97,4.55,3.71,0.17,7.74,92.66
Flames,CGY,17-18,82,4025.05,48.11,52.32,52.96,53.08,52.05,2.34,2.52,32.98,30.06,47.86,42.51,63.71,56.31,2.66,2.45,-0.18,2.92,5.35,7.4,0.21,7.09,91.61
Blackhawks,CHI,17-18,82,4037.48,47.84,50.61,50.64,51.99,49.23,2.45,2.67,33.42,32.61,44.69,43.57,63.49,58.63,2.58,2.66,-0.22,0.81,1.12,4.87,-0.08,7.34,91.8
Avalanche,COL,17-18,82,3924.58,50.5,47.45,47.35,47.93,46.69,2.44,2.39,29.14,32.27,40.05,44.53,55.17,59.94,2.09,2.38,0.05,-3.13,-4.48,-4.77,-0.3,8.36,92.6
Stars,DAL,17-18,82,4032.67,53.21,51.33,51.26,51.1,53.61,2.38,2.1,29.79,28.25,41.27,39.23,57.07,54.61,2.45,2.12,0.29,1.55,2.04,2.46,0.33,8,92.58
Red Wings,DET,17-18,82,4102.82,46.21,48.54,49.19,48.57,48.46,2.23,2.59,29.42,31.2,41.12,42.48,53.34,56.48,2.31,2.46,-0.37,-1.77,-1.35,-3.14,-0.15,7.57,91.69
Oilers,EDM,17-18,82,4156.3,48.71,49.92,50.5,49.82,50.62,2.49,2.62,31.98,32.09,44.47,43.59,58.89,59.32,2.73,2.66,-0.13,-0.11,0.89,-0.43,0.07,7.79,91.83
Panthers,FLA,17-18,82,4078.23,49.8,49.81,50.15,49.38,48.53,2.53,2.55,32.94,33.19,44.95,44.67,57.56,59,2.41,2.56,-0.02,-0.25,0.28,-1.44,-0.15,7.69,92.31
Kings,L.A,17-18,82,4078.93,52.88,49.9,49.59,49.81,47.91,2.41,2.15,29.55,29.67,41.46,42.14,55.73,56.15,2.25,2.45,0.26,-0.12,-0.69,-0.42,-0.2,8.15,92.77
Wild,MIN,17-18,82,4069.57,52,50.01,48.53,47.77,53.02,2.45,2.26,29.78,29.77,39.63,42.03,52.42,57.31,2.28,2.02,0.19,0.01,-2.39,-4.89,0.26,8.23,92.4
Canadiens,MTL,17-18,82,4070.73,44.51,49.94,49.68,49.72,50.8,1.99,2.48,31.26,31.33,42.34,42.88,58.72,59.37,2.51,2.43,-0.49,-0.07,-0.54,-0.65,0.08,6.35,92.1
Devils,N.J,17-18,82,4064.3,48.99,49.98,49.04,48.6,50.15,2.47,2.57,30.88,30.9,42.22,43.87,54.56,57.69,2.46,2.45,-0.1,-0.02,-1.65,-3.13,0.01,7.99,91.69
Predators,NSH,17-18,82,4010.1,57.17,51.41,52.29,52.54,51.28,2.66,1.99,32.27,30.5,45.08,41.13,60.88,55,2.51,2.39,0.67,1.77,3.95,5.88,0.13,8.24,93.47
Islanders,NYI,17-18,82,4114.33,47.78,46.52,46.48,47.05,46.86,2.68,2.93,29.97,34.45,40.77,46.94,55.5,62.46,2.44,2.77,-0.25,-4.48,-6.17,-6.96,-0.33,8.96,91.48
Rangers,NYR,17-18,82,4099.4,45.47,45.44,45.47,45.14,47.24,2.28,2.74,29.49,35.41,39.93,47.89,52.2,63.45,2.55,2.85,-0.45,-5.92,-7.96,-11.24,-0.3,7.74,92.27
Senators,OTT,17-18,82,4096.63,43.62,47,46.9,46.29,46.04,2.33,3.01,29.23,32.96,40.37,45.7,54.29,62.99,2.18,2.56,-0.68,-3.73,-5.33,-8.7,-0.38,7.97,90.86
Flyers,PHI,17-18,82,4136.07,51.72,50.85,49.92,49.45,50,2.44,2.28,30.25,29.25,41.3,41.44,54.93,56.15,2.37,2.37,0.16,1.01,-0.14,-1.21,0,8.07,92.21
Penguins,PIT,17-18,82,4056.28,49.02,53,52.94,52.13,52.56,2.58,2.68,34.02,30.17,46.07,40.96,60.36,55.42,2.73,2.47,-0.1,3.85,5.11,4.94,0.27,7.59,91.1
Sharks,S.J,17-18,82,4134.65,48.27,51.74,52,51.28,51.58,2.37,2.54,31.26,29.15,44.33,40.91,60.86,57.81,2.55,2.4,-0.17,2.11,3.42,3.05,0.16,7.58,91.29
Blues,STL,17-18,82,4093.05,52.52,52.34,52.94,51.89,52.1,2.42,2.19,31.9,29.05,43.95,39.07,59.07,54.77,2.33,2.14,0.23,2.85,4.88,4.3,0.19,7.59,92.46
Lightning,T.B,17-18,82,4019.83,57.09,51.15,52.31,52.57,53.75,3.1,2.33,32.78,31.31,45.63,41.6,60.64,54.71,2.56,2.2,0.77,1.47,4.03,5.93,0.36,9.44,92.57
Maple Leafs,TOR,17-18,82,4147.93,53.87,48.9,49.18,50.58,50.76,2.78,2.38,31.18,32.58,43.87,45.32,59.74,58.38,2.67,2.59,0.4,-1.4,-1.46,1.36,0.08,8.91,92.7
Canucks,VAN,17-18,82,4078.33,45.54,47.35,47.17,47.09,46.14,2.12,2.54,28.72,31.93,39.46,44.19,52.07,58.51,2.15,2.52,-0.42,-3.21,-4.73,-6.43,-0.36,7.39,92.05
Golden Knights,VGK,17-18,82,4106.98,53.55,51.81,51.53,51.8,50.93,2.73,2.37,31.97,29.74,44.25,41.62,59.6,55.46,2.47,2.38,0.36,2.23,2.63,4.15,0.09,8.55,92.03
Jets,WPG,17-18,82,4028.73,54.81,52.19,52.45,52.44,53.18,2.76,2.28,32.11,29.41,44.68,40.52,59.89,54.32,2.54,2.23,0.48,2.7,4.17,5.57,0.3,8.59,92.26
Capitals,WSH,17-18,82,4055.08,52.58,47.9,47.7,48.35,47.4,2.63,2.37,28.08,30.54,40.38,44.28,54.88,58.61,2.36,2.62,0.26,-2.46,-3.9,-3.73,-0.26,9.37,92.23
Ducks,ANA,16-17,82,3995.45,52.04,50.7,50.23,49.87,52.33,2.3,2.12,29,28.2,41.01,40.64,54.2,54.48,2.49,2.27,0.18,0.8,0.38,-0.29,0.22,7.92,92.49
Coyotes,ARI,16-17,82,4109.98,44.13,44.91,44.44,45.04,41.89,2.03,2.57,27.42,33.64,38.67,48.35,51.45,62.79,2.02,2.8,-0.54,-6.22,-9.68,-11.34,-0.78,7.4,92.36
Bruins,BOS,16-17,82,4030.5,49.51,55.32,55.3,54.69,54.73,2.26,2.31,32.41,26.17,45.4,36.7,60.04,49.74,2.43,2.01,-0.04,6.24,8.71,10.3,0.42,6.98,91.18
Sabres,BUF,16-17,82,4129.33,44.56,47.32,47.37,47.35,47.66,1.9,2.37,29.35,32.68,39.94,44.38,52.02,57.83,2.11,2.32,-0.46,-3.33,-4.43,-5.81,-0.21,6.49,92.75
Hurricanes,CAR,16-17,82,4186.9,45.45,50.31,50.37,51.15,50.7,2.15,2.58,29.22,28.86,41.31,40.71,56.25,53.72,2.52,2.45,-0.43,0.36,0.6,2.52,0.07,7.36,91.06
Blue Jackets,CBJ,16-17,82,4136.38,57.01,51.51,50.73,50.56,51.1,2.65,2,31.22,29.39,41.95,40.75,56.06,54.83,2.54,2.43,0.65,1.83,1.2,1.23,0.11,8.5,93.19
Flames,CGY,16-17,82,3992.88,50.5,50.64,50.09,50.47,48.79,2.28,2.24,28.6,27.87,39.36,39.22,53.72,52.71,2.19,2.3,0.05,0.72,0.14,1.01,-0.11,7.99,91.97
Blackhawks,CHI,16-17,82,4163,54.35,49.59,49.87,50.34,49.52,2.52,2.12,29.95,30.44,40.21,40.41,55.79,55.04,2.39,2.44,0.4,-0.49,-0.2,0.75,-0.05,8.42,93.04
Avalanche,COL,16-17,82,4021.22,38.49,46.62,47.63,48.56,45.08,1.82,2.91,27.62,31.62,38.64,42.49,52.43,55.54,1.9,2.32,-1.09,-4,-3.85,-3.1,-0.42,6.59,90.8
Stars,DAL,16-17,82,4072.17,47.68,50.58,50.43,50.01,48.92,2.27,2.49,29.76,29.09,42.43,41.71,58.04,58.02,2.48,2.59,-0.22,0.68,0.72,0.01,-0.11,7.62,91.44
Red Wings,DET,16-17,82,4133.75,45.87,48.36,48.31,48.3,47.67,2.18,2.57,27.81,29.7,38.59,41.29,50.26,53.81,2.2,2.41,-0.39,-1.89,-2.7,-3.54,-0.21,7.83,91.35
Oilers,EDM,16-17,82,4124.55,54.11,51.24,51.16,50.17,51.51,2.49,2.11,30.08,28.63,41.12,39.26,54.94,54.57,2.59,2.44,0.38,1.45,1.86,0.38,0.15,8.27,92.63
Panthers,FLA,16-17,82,4063.42,45.05,49.24,50.16,50.5,47.71,2.08,2.54,30.43,31.38,41.68,41.42,53.94,52.86,2.18,2.39,-0.46,-0.95,0.27,1.08,-0.21,6.84,91.91
Kings,L.A,16-17,82,4080.72,49.29,54.66,54.74,54.89,53.26,2.04,2.1,30.6,25.38,44.14,36.49,59.83,49.17,2.46,2.16,-0.06,5.22,7.65,10.66,0.3,6.68,91.71
Wild,MIN,16-17,82,4151.47,54.89,50.53,49.98,49.41,55.69,2.76,2.27,30.24,29.6,41.19,41.22,54.1,55.4,2.41,1.91,0.49,0.64,-0.03,-1.3,0.49,9.13,92.33
Canadiens,MTL,16-17,82,4145.78,54.49,51.51,52.34,52.45,52.54,2.37,1.98,30.62,28.83,42.53,38.73,58.8,53.3,2.46,2.22,0.39,1.79,3.81,5.5,0.24,7.75,93.12
Devils,N.J,16-17,82,4065.75,43.57,47.21,47.62,47.45,47.35,1.8,2.33,27.39,30.62,37.72,41.5,48.67,53.89,2.14,2.38,-0.53,-3.23,-3.78,-5.22,-0.24,6.57,92.39
Predators,NSH,16-17,82,4082.63,52.38,51.29,50.81,51.18,51.67,2.42,2.2,30.94,29.38,42.68,41.31,57.54,54.89,2.32,2.17,0.22,1.56,1.37,2.65,0.15,7.84,92.5
Islanders,NYI,16-17,82,4135.13,51.1,48.9,47.92,47.67,48.41,2.7,2.58,29.8,31.14,40.45,43.96,54.89,60.26,2.49,2.66,0.12,-1.33,-3.51,-5.37,-0.16,9.06,91.71
Rangers,NYR,16-17,82,4132.43,53.15,48.86,49,48.11,49.36,2.57,2.27,28.52,29.85,40.12,41.76,52.86,57.02,2.45,2.51,0.3,-1.34,-1.64,-4.15,-0.06,9.01,92.41
Senators,OTT,16-17,82,4091.72,48.28,50.15,48.92,48.58,49.02,2.05,2.2,29.56,29.39,40.15,41.92,54.8,58,2.22,2.31,-0.15,0.18,-1.77,-3.2,-0.09,6.94,92.51
Flyers,PHI,16-17,82,4062.02,46.26,51.2,51.6,51.27,50.04,2.01,2.33,29.56,28.17,41.51,38.94,57.71,54.86,2.3,2.3,-0.32,1.39,2.57,2.85,0,6.8,91.71
Penguins,PIT,16-17,82,4098.28,55.18,51.23,51.01,49.97,52.35,2.88,2.34,32.96,31.37,43.6,41.87,57.7,57.76,2.82,2.57,0.54,1.58,1.73,-0.06,0.25,8.75,92.53
Sharks,S.J,16-17,82,4089.43,52.84,51.89,52.07,51.22,52.11,2.32,2.07,28.93,26.82,42.02,38.68,58,55.24,2.46,2.26,0.25,2.11,3.35,2.76,0.2,8.01,92.29
Blues,STL,16-17,82,4052.95,51.94,50.44,50.45,50.14,50.65,2.38,2.21,28.11,27.62,38.92,38.22,52.12,51.83,2.13,2.08,0.18,0.49,0.7,0.3,0.05,8.48,92.02
Lightning,T.B,16-17,82,4038.37,49.34,49.7,50.63,51.29,51.04,2.21,2.27,29.08,29.43,41.42,40.4,55.11,52.34,2.25,2.16,-0.06,-0.36,1.03,2.76,0.09,7.61,92.28
Maple Leafs,TOR,16-17,82,4098.17,51.16,49.45,49.87,50.52,51.22,2.59,2.47,30.83,31.52,44.68,44.92,59.79,58.56,2.77,2.64,0.12,-0.69,-0.23,1.23,0.13,8.4,92.15
Canucks,VAN,16-17,82,4124.9,44.63,46.7,46.8,47.95,45.43,1.93,2.4,27.19,31.03,37.06,42.12,50.49,54.81,2.07,2.48,-0.47,-3.84,-5.06,-4.32,-0.42,7.12,92.26
Jets,WPG,16-17,82,4002.37,49.85,48.86,49.37,49.2,51.16,2.52,2.53,28.68,30.01,39.4,40.4,52.29,53.98,2.41,2.3,-0.01,-1.33,-1,-1.69,0.11,8.78,91.56
Capitals,WSH,16-17,82,4035.78,60.53,51.83,51.29,51.73,50.78,2.74,1.78,29.73,27.64,41.3,39.22,55.89,52.14,2.35,2.28,0.95,2.1,2.08,3.75,0.07,9.2,93.54
Ducks,ANA,15-16,82,4010.23,49.45,52.67,53.12,52.42,53.12,2.03,2.08,29.56,26.57,42.36,37.37,56.3,51.09,2.38,2.1,-0.04,2.99,4.98,5.21,0.28,6.88,92.17
Coyotes,ARI,15-16,82,3886.93,48.07,46.62,46.24,46.84,46.5,2.11,2.28,26.83,30.72,38.02,44.21,51.4,58.35,2.01,2.31,-0.17,-3.89,-6.19,-6.95,-0.3,7.88,92.56
Bruins,BOS,15-16,82,4067.43,50.77,50.84,49.66,49.55,49.24,2.42,2.35,31.21,30.18,41.73,42.31,55.04,56.04,2.17,2.23,0.07,1.03,-0.58,-1,-0.07,7.75,92.23
Sabres,BUF,15-16,82,4106.38,44.84,48.11,47.39,47.51,47.67,1.84,2.26,27.78,29.95,37.77,41.93,49.97,55.2,1.97,2.16,-0.42,-2.18,-4.16,-5.23,-0.19,6.63,92.44
Hurricanes,CAR,15-16,82,4177.77,45.31,50.86,50.64,51.34,49.76,2.01,2.43,28.57,27.6,40.67,39.64,54.65,51.79,2.41,2.44,-0.42,0.96,1.03,2.86,-0.02,7.04,91.21
Blue Jackets,CBJ,15-16,82,4025.07,47.45,48.97,48.61,48.12,51.02,2.22,2.46,28.74,29.95,39.2,41.44,52.58,56.69,2.58,2.47,-0.24,-1.21,-2.24,-4.11,0.1,7.73,91.79
Flames,CGY,15-16,82,4074.6,48.2,49.69,48.65,48.22,49.15,2.37,2.55,28.24,28.6,38.73,40.88,53.26,57.19,2.26,2.34,-0.18,-0.35,-2.15,-3.93,-0.08,8.39,91.09
Blackhawks,CHI,15-16,82,4098.02,49.66,50.15,50.05,50.57,48.55,2.14,2.17,29.99,29.81,40.23,40.16,55.4,54.14,2.24,2.37,-0.03,0.18,0.07,1.26,-0.13,7.13,92.73
Avalanche,COL,15-16,82,3984.17,47.47,46.1,45.19,44.12,43.65,2.12,2.35,27.41,32.05,37.11,45,49.11,62.21,1.92,2.48,-0.23,-4.64,-7.89,-13.1,-0.56,7.75,92.67
Stars,DAL,15-16,82,4056.32,51.34,52.46,52.39,52.48,52.42,2.54,2.41,31.28,28.36,45.09,40.97,61.3,55.5,2.68,2.43,0.13,2.93,4.11,5.8,0.25,8.13,91.5
Red Wings,DET,15-16,82,4028.63,48.78,49.94,50.48,51.95,50.49,2.09,2.19,28.98,29.06,40.05,39.29,52.96,48.98,2.35,2.31,-0.1,-0.07,0.76,3.98,0.05,7.19,92.47
Oilers,EDM,15-16,82,4049.7,44.59,48.65,48.39,48.91,48.97,2.07,2.58,28.62,30.21,39.44,42.06,54.34,56.76,2.37,2.47,-0.5,-1.59,-2.62,-2.41,-0.1,7.25,91.47
Panthers,FLA,15-16,82,4007.32,56.31,49.68,49.19,48.99,49.87,2.47,1.92,28.12,28.48,38.12,39.38,48.42,50.43,2.12,2.13,0.55,-0.36,-1.26,-2.01,-0.01,8.79,93.27
Kings,L.A,15-16,82,4064.78,55.12,54.96,56.3,56.55,54.49,2.3,1.87,31.82,26.08,46.87,36.37,62.54,48.06,2.54,2.12,0.43,5.74,10.5,14.48,0.42,7.24,92.81
Wild,MIN,15-16,82,4088.97,50.54,49.31,48.39,47.6,50.01,2.07,2.02,27.26,28.03,37.86,40.38,50.23,55.29,2.07,2.07,0.04,-0.76,-2.52,-5.06,0,7.59,92.77
Canadiens,MTL,15-16,82,4050.95,49.04,51.3,51.17,51.4,50.41,2.28,2.37,30.19,28.66,41,39.12,56.48,53.39,2.29,2.25,-0.09,1.53,1.88,3.08,0.04,7.56,91.73
Devils,N.J,15-16,82,4016.63,46,46.21,46.87,46.1,47.61,1.72,2.02,23.48,27.34,32.65,37.02,42.33,49.49,1.94,2.14,-0.3,-3.85,-4.36,-7.16,-0.2,7.32,92.62
Predators,NSH,15-16,82,4040.85,49.32,52.37,53.27,52.25,52.56,2.15,2.21,29.52,26.85,41.5,36.41,55.77,50.97,2.18,1.97,-0.06,2.67,5.09,4.8,0.21,7.29,91.76
Islanders,NYI,15-16,82,4173.65,51.57,48.97,49.57,49.37,49,2.36,2.21,28.42,29.61,39.98,40.67,55.02,56.41,2.43,2.53,0.14,-1.19,-0.69,-1.39,-0.1,8.3,92.52
Rangers,NYR,15-16,82,4122.25,54.75,47.86,47.82,47.3,47.37,2.43,2.01,27.15,29.58,38.28,41.77,51.41,57.27,2.32,2.58,0.42,-2.43,-3.49,-5.87,-0.26,8.95,93.21
Senators,OTT,15-16,82,4103.55,51.28,46.55,46.93,47.69,47.87,2.34,2.22,27.69,31.8,38.43,43.46,52.89,58,2.22,2.42,0.12,-4.11,-5.03,-5.12,-0.2,8.45,93.01
Flyers,PHI,15-16,82,4025.33,51.09,49.26,50.36,50.54,49.06,2.09,2,29.44,30.32,41.29,40.69,57.6,56.37,2.29,2.38,0.09,-0.88,0.6,1.22,-0.09,7.09,93.41
Penguins,PIT,15-16,82,4061.43,54.69,53.22,53.03,52.88,55.88,2.5,2.07,32.6,28.66,43.67,38.68,58.24,51.9,2.61,2.06,0.43,3.94,4.99,6.34,0.55,7.66,92.78
Sharks,S.J,15-16,82,4061.05,52.94,52.64,52.97,51.59,55.39,2.26,2.01,29.05,26.14,40.97,36.37,55.46,52.04,2.45,1.97,0.25,2.91,4.59,3.43,0.48,7.78,92.31
Blues,STL,15-16,82,4074.45,53.57,52.3,52.35,52.01,52.06,2.21,1.91,30.63,27.94,41.88,38.13,55.74,51.44,2.37,2.19,0.29,2.69,3.76,4.3,0.19,7.21,93.15
Lightning,T.B,15-16,82,3954.07,54.2,51.06,51.32,51.97,51.06,2.35,1.99,29.2,27.98,41.14,39.03,55.33,51.14,2.1,2.01,0.36,1.21,2.11,4.19,0.09,8.06,92.9
Maple Leafs,TOR,15-16,82,4005.23,42.52,48.72,49.78,51.21,49.87,1.87,2.53,29.44,30.98,43.1,43.47,58.6,55.83,2.32,2.33,-0.66,-1.54,-0.37,2.77,-0.01,6.36,91.83
Canucks,VAN,15-16,82,4079.63,44.14,46.65,46.49,47.14,43.82,1.88,2.38,27.37,31.3,37.25,42.89,49.67,55.7,2.03,2.6,-0.5,-3.93,-5.63,-6.03,-0.57,6.88,92.39
Jets,WPG,15-16,82,3981.22,50.51,51.28,51.37,51.45,50.52,2.26,2.22,29.54,28.06,40.9,38.72,55.23,52.11,2.41,2.36,0.05,1.48,2.19,3.12,0.05,7.65,92.11
Capitals,WSH,15-16,82,4066.55,55.99,52.26,51.49,51.09,52.14,2.55,2.01,30.01,27.41,41.34,38.95,56.13,53.72,2.34,2.15,0.55,2.6,2.39,2.4,0.19,8.51,92.68
Ducks,ANA,14-15,82,4103.65,52.68,50.88,51.58,51.21,51.78,2.47,2.22,28.93,27.93,42.29,39.7,55.97,53.33,2.36,2.2,0.25,1,2.59,2.65,0.16,8.56,92.04
Coyotes,ARI,14-15,82,4093.7,37.31,46.41,46.72,47.24,44.83,1.59,2.66,27.71,32,39.25,44.75,53.53,59.78,1.98,2.44,-1.08,-4.29,-5.5,-6.25,-0.46,5.72,91.68
Bruins,BOS,14-15,82,4189,51.38,51.26,51.27,52.3,52.04,2.16,2.05,30.04,28.57,41.39,39.34,56.34,51.38,2.16,1.99,0.12,1.48,2.05,4.96,0.17,7.21,92.83
Sabres,BUF,14-15,82,4122.1,38.33,38.95,37.8,36.35,39.08,1.62,2.61,22.74,35.65,30.33,49.9,39.14,68.53,1.69,2.63,-0.99,-12.9,-19.57,-29.4,-0.94,7.14,92.67
Hurricanes,CAR,14-15,82,4187.52,42.7,51.8,51.23,51.16,49.68,1.82,2.44,29.5,27.45,41.39,39.41,55.31,52.79,2.32,2.35,-0.62,2.05,1.98,2.52,-0.03,6.17,91.1
Blue Jackets,CBJ,14-15,82,4001.68,46.97,46.54,46.59,46.76,47.28,2.25,2.54,27.98,32.14,37.84,43.39,49.67,56.55,2.11,2.35,-0.29,-4.16,-5.55,-6.88,-0.24,8.03,92.11
Flames,CGY,14-15,82,4158.72,49.96,46.07,45.51,44.1,46.44,2.34,2.35,25.38,29.71,35.69,42.74,49.63,62.91,2.04,2.35,0,-4.33,-7.05,-13.27,-0.31,9.24,92.09
Blackhawks,CHI,14-15,82,4130.05,53.98,52.75,53.06,54.04,51.26,2.25,1.92,33.15,29.69,44.16,39.07,60.79,51.71,2.4,2.28,0.33,3.45,5.09,9.08,0.12,6.78,93.55
Avalanche,COL,14-15,82,4105.88,48.03,45.18,43.81,43.06,42.55,2.25,2.44,26.74,32.45,35.42,45.44,47.38,62.66,1.88,2.54,-0.19,-5.71,-10.02,-15.28,-0.66,8.43,92.48
Stars,DAL,14-15,82,3990.08,50.21,51.56,52.46,52.36,52.55,2.72,2.7,31.03,29.15,45.48,41.22,61.77,56.2,2.65,2.39,0.02,1.88,4.27,5.58,0.26,8.77,90.74
Red Wings,DET,14-15,82,3998.65,51.83,51.6,52.32,53.7,51.86,2.12,1.97,28.25,26.5,39,35.53,52.87,45.59,2.15,2,0.15,1.76,3.46,7.28,0.15,7.49,92.57
Oilers,EDM,14-15,82,4189.4,39.47,47.18,46.81,47.15,43.96,1.91,2.93,26.93,30.15,37.75,42.9,51.74,58,2.05,2.61,-1.02,-3.22,-5.15,-6.26,-0.56,7.1,90.27
Panthers,FLA,14-15,82,4136.52,49.61,51.45,50.82,51.06,51.8,2.09,2.13,29.91,28.22,40.54,39.23,53.27,51.05,2.15,2,-0.03,1.68,1.32,2.22,0.15,7,92.47
Kings,L.A,14-15,82,4103.23,54.26,54.65,54.8,55.71,53.93,2.29,1.93,30.9,25.64,44.38,36.6,59.75,47.51,2.38,2.03,0.36,5.26,7.78,12.24,0.35,7.42,92.47
Wild,MIN,14-15,82,4073.65,52.43,52.26,52.08,51.06,54.49,2.51,2.28,29.85,27.27,41.35,38.05,54.95,52.67,2.27,1.9,0.23,2.58,3.3,2.28,0.37,8.42,91.64
Canadiens,MTL,14-15,82,4105.27,54.34,48.82,48.91,48.49,48.98,2.24,1.88,27.97,29.32,38.75,40.49,53.96,57.33,2.18,2.28,0.36,-1.35,-1.73,-3.37,-0.09,7.99,93.59
Devils,N.J,14-15,82,4096.72,47.23,45.61,46.36,46.92,47.53,1.73,1.93,24.38,29.07,33.68,38.97,44.95,50.85,1.96,2.16,-0.2,-4.69,-5.3,-5.9,-0.2,7.1,93.34
Predators,NSH,14-15,82,4091.28,57.16,53.25,53.24,53.02,54.3,2.54,1.9,31.49,27.65,43.64,38.33,59.02,52.3,2.3,1.94,0.64,3.84,5.31,6.72,0.36,8.05,93.12
Islanders,NYI,14-15,82,4156.58,52.13,54.26,54.35,53.26,54.95,2.52,2.31,32.74,27.6,45.43,38.16,61.81,54.24,2.96,2.43,0.21,5.14,7.27,7.57,0.53,7.69,91.63
Rangers,NYR,14-15,82,4130.02,57.53,51.44,50.29,50.49,51.09,2.71,2,30.8,29.08,41.57,41.1,55.57,54.5,2.52,2.41,0.71,1.73,0.47,1.07,0.11,8.81,93.11
Senators,OTT,14-15,82,4056.6,50.87,48.34,48.95,50.53,51.13,2.35,2.27,29.45,31.47,40.47,42.2,55.85,54.67,2.33,2.22,0.08,-2.02,-1.73,1.18,0.1,7.98,92.79
Flyers,PHI,14-15,82,4082.65,48.64,48.34,48.54,48.86,47.72,1.99,2.1,27.67,29.57,38.56,40.89,53.37,55.87,2.06,2.26,-0.11,-1.9,-2.33,-2.5,-0.2,7.19,92.89
Penguins,PIT,14-15,82,4036.53,52.31,53.6,53.83,53.85,52.81,2.28,2.08,31.21,27.01,42.49,36.44,57.31,49.11,2.32,2.07,0.2,4.2,6.04,8.2,0.25,7.32,92.29
Sharks,S.J,14-15,82,4124.82,47.39,50.7,51.23,51.46,51.31,2.1,2.33,29.78,28.95,42.83,40.78,59.59,56.2,2.43,2.3,-0.23,0.82,2.05,3.38,0.12,7.05,91.95
Blues,STL,14-15,82,4099.42,54.94,53.51,53.65,52.51,54.02,2.48,2.03,30.37,26.39,42.46,36.69,55.86,50.52,2.35,2,0.45,3.98,5.78,5.34,0.35,8.16,92.3
Lightning,T.B,14-15,82,4000.35,56.68,54.16,53.5,53.54,54.5,2.74,2.1,30.83,26.09,42.06,36.55,56.5,49.03,2.36,1.97,0.65,4.74,5.51,7.47,0.39,8.9,91.96
Maple Leafs,TOR,14-15,82,4003.63,43.87,45.39,45.27,45.29,44.2,2.09,2.67,27.57,33.17,38.61,46.68,51.02,61.63,2.08,2.63,-0.58,-5.6,-8.06,-10.62,-0.55,7.57,91.95
Canucks,VAN,14-15,82,4052.87,49.3,50.04,50.03,49.24,47.4,2.34,2.41,29.26,29.21,40.09,40.05,53.07,54.72,2.15,2.39,-0.07,0.05,0.04,-1.64,-0.24,8.01,91.74
Jets,WPG,14-15,82,3964.82,54,52.56,52.9,53.62,52.76,2.32,1.98,29.69,26.8,41.59,37.02,57.15,49.43,2.5,2.24,0.34,2.89,4.57,7.72,0.26,7.81,92.63
Capitals,WSH,14-15,82,4102.95,54.25,51.6,52.19,52.08,53.39,2.36,1.99,28.45,26.68,40.65,37.23,56.26,51.77,2.27,1.99,0.37,1.77,3.42,4.5,0.29,8.31,92.53
Ducks,ANA,13-14,82,3989.05,59.01,52.25,51,50.56,52.33,2.98,2.07,30.53,27.9,42.26,40.6,55.65,54.4,2.52,2.3,0.91,2.63,1.66,1.24,0.22,9.75,92.59
Coyotes,ARI,13-14,82,4067.85,49.93,49.82,49.95,50.53,47.2,2.1,2.11,29.39,29.6,40.8,40.89,55.23,54.07,2.04,2.29,-0.01,-0.21,-0.09,1.16,-0.24,7.16,92.87
Bruins,BOS,13-14,82,4111.57,62.1,53.88,54.44,55.14,54.61,2.66,1.62,31.96,27.36,44.29,37.07,59.92,48.76,2.31,1.92,1.03,4.6,7.22,11.17,0.39,8.31,94.08
Sabres,BUF,13-14,82,4010.15,36.18,41.93,41.47,41.38,41.66,1.46,2.57,24.73,34.26,33.64,47.48,44.89,63.61,1.82,2.55,-1.11,-9.52,-13.85,-18.72,-0.73,5.89,92.5
Hurricanes,CAR,13-14,82,4074.17,47.04,49.45,49.37,49.95,48.89,2.08,2.35,30.3,30.97,42.79,43.88,57.83,57.94,2.43,2.54,-0.26,-0.68,-1.09,-0.11,-0.11,6.88,92.42
Blue Jackets,CBJ,13-14,82,3972.62,51.24,49.97,50.56,50.73,51.97,2.28,2.17,29.09,29.13,39.61,38.74,53.19,51.67,2.07,1.92,0.11,-0.03,0.87,1.52,0.16,7.84,92.55
Flames,CGY,13-14,82,4131.98,44.56,47.41,47.36,45.78,45.83,2.1,2.61,25.84,28.66,36.46,40.53,49.46,58.57,1.97,2.32,-0.51,-2.82,-4.07,-9.12,-0.36,8.12,90.89
Blackhawks,CHI,13-14,82,4132.55,55.25,56.11,55.91,56.15,55.96,2.75,2.22,32.83,25.67,43.66,34.43,59.29,46.29,2.49,1.96,0.52,7.15,9.23,13,0.53,8.36,91.34
Avalanche,COL,13-14,82,4080.28,53.45,47.87,46.93,47.25,46.83,2.56,2.23,28.77,31.33,38.96,44.07,52.32,58.41,2.14,2.42,0.33,-2.56,-5.11,-6.09,-0.29,8.9,92.89
Stars,DAL,13-14,82,4018.52,51.1,50.86,50.89,50.67,50.15,2.44,2.33,30.23,29.2,43.1,41.59,57.76,56.22,2.47,2.46,0.1,1.03,1.51,1.54,0.01,8.06,92.01
Red Wings,DET,13-14,82,4011.73,50.1,50.72,51.75,51.94,50.42,2.3,2.29,29.05,28.22,40.05,37.34,52.15,48.25,2.09,2.06,0.01,0.83,2.7,3.9,0.04,7.92,91.88
Oilers,EDM,13-14,82,3993.93,42.42,44,43.32,43.42,44.37,2.1,2.86,25.69,32.7,35.47,46.41,47.69,62.16,2.11,2.65,-0.75,-7.01,-10.94,-14.47,-0.54,8.19,91.27
Panthers,FLA,13-14,82,4034.2,43.66,48.4,49.04,49.06,48.38,2.11,2.73,28.8,30.71,39.98,41.55,52.15,54.15,2.2,2.35,-0.61,-1.91,-1.56,-2,-0.15,7.34,91.12
Kings,L.A,13-14,82,3959.88,56.07,56,56.5,57.38,55.44,2.05,1.61,31.52,24.76,45.87,35.32,61.98,46.03,2.46,1.98,0.44,6.76,10.55,15.95,0.48,6.51,93.51
Wild,MIN,13-14,82,4099.32,52.63,49.29,48.81,48.51,50.41,2.01,1.81,25.72,26.46,35.88,37.63,48.23,51.18,1.86,1.83,0.2,-0.74,-1.75,-2.95,0.03,7.82,93.16
Canadiens,MTL,13-14,82,3967.52,50.28,47.82,48.19,47.03,48.13,2.15,2.12,27.86,30.4,39.29,42.24,53.21,59.92,2.23,2.4,0.02,-2.54,-2.96,-6.71,-0.17,7.7,93.02
Devils,N.J,13-14,82,4079.33,48.41,52.27,53.47,54.39,55.25,1.92,2.04,26.38,24.09,36.87,32.08,49.44,41.45,2.2,1.78,-0.13,2.29,4.79,7.98,0.42,7.27,91.51
Predators,NSH,13-14,82,4115.42,46.95,50.1,49.48,48.43,51.72,2.27,2.57,28.7,28.59,39.08,39.9,51.24,54.55,2.1,1.96,-0.3,0.11,-0.82,-3.31,0.14,7.91,91.02
Islanders,NYI,13-14,82,4075.57,44.87,49.47,48.5,48.5,49.23,2.16,2.65,29.36,29.99,39.96,42.42,54.55,57.92,2.54,2.62,-0.49,-0.63,-2.47,-3.37,-0.08,7.34,91.17
Rangers,NYR,13-14,82,4078.6,51.57,53.04,52.6,52.38,51.4,2.18,2.05,32.55,28.82,44.32,39.94,58.82,53.48,2.56,2.42,0.13,3.73,4.38,5.35,0.14,6.7,92.89
Senators,OTT,13-14,82,3993.3,47.52,49.2,50.39,51.74,47.81,2.4,2.65,32.7,33.77,46.05,45.33,61.09,56.99,2.34,2.55,-0.25,-1.06,0.72,4.11,-0.21,7.34,92.15
Flyers,PHI,13-14,82,3891.55,49.46,48.41,49.41,50.18,50.07,2.31,2.36,29.02,30.93,40.89,41.86,56.68,56.27,2.21,2.21,-0.05,-1.91,-0.97,0.41,0.01,7.95,92.38
Penguins,PIT,13-14,82,4065.25,51.24,51.38,49.96,49.48,50.93,2.36,2.24,28.67,27.13,38.89,38.95,52.01,53.1,2.07,2,0.11,1.54,-0.06,-1.09,0.08,8.22,91.73
Sharks,S.J,13-14,82,4104.53,53.82,55.08,55.21,54.59,57.69,2.42,2.07,33.08,26.98,46.77,37.93,63.45,52.78,2.73,2,0.34,6.1,8.83,10.66,0.73,7.31,92.32
Blues,STL,13-14,82,4006.88,55.59,53.35,54.11,53.66,54.1,2.48,1.98,29.23,25.56,41.83,35.48,56.17,48.52,2.25,1.91,0.5,3.67,6.35,7.66,0.34,8.47,92.26
Lightning,T.B,13-14,82,4032.6,54.43,52.03,51.6,51.32,50.8,2.37,1.98,29.92,27.58,42.08,39.46,55.22,52.38,2.19,2.12,0.38,2.34,2.61,2.84,0.07,7.91,92.82
Maple Leafs,TOR,13-14,82,4074.5,46.82,42.96,41.82,42.45,42.78,2.21,2.51,26.59,35.31,36.8,51.2,49.56,67.18,2.01,2.69,-0.3,-8.72,-14.4,-17.62,-0.68,8.29,92.91
Canucks,VAN,13-14,82,4056.63,49.29,51.16,51.66,51.19,49.74,2.13,2.19,29.63,28.28,41.95,39.26,56.78,54.15,2.21,2.23,-0.06,1.35,2.69,2.64,-0.02,7.2,92.24
Jets,WPG,13-14,82,4056.68,49.15,50.33,50.47,49.97,50.41,2.39,2.47,30.15,29.75,42.12,41.34,56.53,56.59,2.49,2.45,-0.08,0.4,0.78,-0.06,0.04,7.91,91.7
Capitals,WSH,13-14,82,4069.07,47.16,46.21,46.94,47.44,47.05,2.1,2.35,27.12,31.58,38.07,43.04,51.9,57.5,2.08,2.34,-0.25,-4.45,-4.97,-5.6,-0.26,7.74,92.55
Ducks,ANA,12-13,48,2427.58,54.22,49.93,48.52,48.1,49.66,2.23,1.88,26.66,26.73,37.27,39.55,50.98,55,2.15,2.18,0.35,-0.07,-2.28,-4.02,-0.03,8.37,92.96
Coyotes,ARI,12-13,48,2371.98,50.38,50.68,50.84,50.74,49.29,2.22,2.18,31.03,30.2,43.64,42.2,57.62,55.93,2.28,2.35,0.03,0.83,1.43,1.69,-0.07,7.14,92.77
Bruins,BOS,12-13,48,2402.43,55.39,54.56,55.05,55.46,53.63,2.37,1.91,33.18,27.63,46.25,37.77,63.07,50.64,2.45,2.12,0.46,5.55,8.48,12.43,0.33,7.13,93.11
Sabres,BUF,12-13,48,2350.68,47.71,45.24,44.5,44.67,43.73,2.11,2.32,26.8,32.44,36.03,44.93,48.08,59.56,1.93,2.48,-0.2,-5.64,-8.9,-11.48,-0.55,7.89,92.85
Hurricanes,CAR,12-13,48,2349.85,44.91,49.87,49.83,50.59,47.65,2.31,2.84,31.65,31.81,44.65,44.96,60.72,59.31,2.61,2.87,-0.52,-0.17,-0.31,1.41,-0.26,7.31,91.08
Blue Jackets,CBJ,12-13,48,2417.55,51.34,46.18,46.17,47.45,46.01,2.16,2.04,25.5,29.71,34.39,40.09,48.02,53.17,1.78,2.09,0.11,-4.21,-5.71,-5.15,-0.31,8.46,93.12
Flames,CGY,12-13,48,2372.72,41.13,47.14,46.79,46.64,48.2,2.14,3.07,26.54,29.77,36.93,41.99,49.77,56.96,2.22,2.39,-0.92,-3.22,-5.06,-7.18,-0.17,8.07,89.69
Blackhawks,CHI,12-13,48,2414.43,62.15,56.15,56.37,55.71,54.6,2.85,1.74,31.77,24.8,42.49,32.89,57,45.32,2.41,2,1.12,6.96,9.6,11.68,0.41,8.98,93
Avalanche,COL,12-13,48,2365.97,44.56,48.38,47.68,47.14,47.31,2.12,2.64,28.84,30.77,39.25,43.06,52.86,59.29,2.14,2.39,-0.52,-1.93,-3.82,-6.43,-0.24,7.36,91.42
Stars,DAL,12-13,48,2300.65,50.13,46.4,47.02,48.71,46.31,2.49,2.48,26.03,30.06,37.79,42.57,53.23,56.06,2.2,2.55,0.01,-4.04,-4.79,-2.82,-0.35,9.57,91.76
Red Wings,DET,12-13,48,2337.13,52.86,52.71,53.95,54.14,52.86,2.02,1.8,29.77,26.71,41.84,35.71,55.55,47.05,2.28,2.03,0.22,3.06,6.12,8.5,0.25,6.77,93.27
Oilers,EDM,12-13,48,2321.97,45.65,44.69,44.76,44.28,44.25,2.09,2.48,26.32,32.56,36.7,45.3,48.55,61.09,2.13,2.68,-0.4,-6.25,-8.59,-12.54,-0.55,7.93,92.37
Panthers,FLA,12-13,48,2398.95,34.52,46.5,46.83,47.15,45.1,1.62,3.08,27.5,31.64,37.92,43.05,50.34,56.42,1.98,2.41,-1.45,-4.14,-5.13,-6.08,-0.43,5.9,90.28
Kings,L.A,12-13,48,2373.58,52.59,55.65,56.25,56.98,55.95,2.25,2.03,30.21,24.07,43.64,33.94,57.88,43.71,2.38,1.87,0.22,6.14,9.7,14.18,0.51,7.45,91.56
Wild,MIN,12-13,48,2389.43,46.83,50.21,49.39,49.49,52.18,2.09,2.38,27.24,27.01,37.13,38.04,49.99,51.02,2.1,1.93,-0.28,0.23,-0.91,-1.03,0.18,7.69,91.19
Canadiens,MTL,12-13,48,2289.03,54.37,53.07,53.82,53.55,54.91,2.62,2.2,30.08,26.6,42.32,36.32,58.71,50.92,2.3,1.89,0.42,3.48,6,7.78,0.41,8.71,91.73
Devils,N.J,12-13,48,2346.82,45.29,53.54,55.07,55.25,54.87,1.64,1.98,26.43,22.94,37.66,30.73,50.31,40.75,2.15,1.77,-0.34,3.49,6.93,9.56,0.38,6.19,91.38
Predators,NSH,12-13,48,2439.93,47.09,47.09,46.48,45.71,49.86,1.93,2.17,24.69,27.74,33.98,39.12,45.37,53.88,1.97,1.98,-0.24,-3.05,-5.15,-8.51,-0.01,7.81,92.19
Islanders,NYI,12-13,48,2426.5,48.83,52.77,51.07,50.36,52.08,2.36,2.48,30.29,27.12,40.99,39.27,56.03,55.24,2.63,2.42,-0.11,3.18,1.72,0.79,0.21,7.8,90.87
Rangers,NYR,12-13,48,2395.55,57.72,53.69,53.11,51.6,53.05,2.33,1.71,31.23,26.93,43.14,38.08,57.98,54.38,2.61,2.31,0.62,4.29,5.06,3.6,0.3,7.46,93.67
Senators,OTT,12-13,48,2356.32,49.96,52.13,52.57,53.61,52.76,1.91,1.92,32.74,30.07,45.19,40.77,61.92,53.59,2.39,2.14,0,2.67,4.42,8.33,0.25,5.85,93.62
Flyers,PHI,12-13,48,2281.02,46.6,49.51,48.3,47.97,47.71,2.28,2.62,28.34,28.91,39.19,41.96,53.58,58.12,2.15,2.35,-0.33,-0.57,-2.76,-4.54,-0.21,8.05,90.95
Penguins,PIT,12-13,48,2333.57,60.31,51.05,50.93,50.27,52.33,2.88,1.89,30.03,28.79,41.29,39.78,55.46,54.87,2.29,2.08,0.98,1.24,1.5,0.59,0.2,9.58,93.42
Sharks,S.J,12-13,48,2415.22,48.77,51.86,52.04,51.28,53.67,1.92,2.02,30.05,27.9,42.98,39.61,58.72,55.79,2.43,2.1,-0.1,2.15,3.37,2.93,0.33,6.39,92.77
Blues,STL,12-13,48,2396.18,52.63,53.35,52.98,52.08,50.54,2.26,2.04,27.52,24.06,38.34,34.03,51.6,47.48,2,1.96,0.23,3.45,4.32,4.12,0.04,8.22,91.54
Lightning,T.B,12-13,48,2341.43,51.11,47.19,46.5,46.44,48.42,2.73,2.61,27.29,30.54,37.59,43.26,49.66,57.27,2.06,2.2,0.12,-3.25,-5.66,-7.61,-0.13,10.01,91.44
Maple Leafs,TOR,12-13,48,2345.77,52.76,44.91,44.95,45.09,45.76,2.75,2.46,26.4,32.38,37.69,46.17,51.99,63.3,2.03,2.4,0.29,-5.98,-8.48,-11.31,-0.38,10.43,92.39
Canucks,VAN,12-13,48,2356.67,51.69,49.73,51.01,52.2,49.9,2.22,2.08,27.97,28.28,39.21,37.66,53.6,49.09,2.18,2.18,0.15,-0.31,1.55,4.51,-0.01,7.95,92.66
Jets,WPG,12-13,48,2422.92,49.07,48.98,49.41,49.49,49.3,2.44,2.53,28.35,29.53,41.14,42.13,56.29,57.45,2.4,2.46,-0.09,-1.18,-0.98,-1.15,-0.07,8.6,91.44
Capitals,WSH,12-13,48,2359.03,52.1,47.38,48.72,48.87,49.26,2.4,2.21,27.92,31,39.06,41.11,53.98,56.48,2.22,2.28,0.19,-3.09,-2.05,-2.5,-0.07,8.59,92.89
Ducks,ANA,11-12,82,4021.32,46.72,47.81,48.16,48.08,47.54,2.11,2.4,26.29,28.69,37.99,40.9,50.72,54.78,2.13,2.35,-0.3,-2.41,-2.91,-4.06,-0.22,8.01,91.63
Coyotes,ARI,11-12,82,4128.52,52.84,49.42,49.38,50.1,48.93,2.36,2.11,29.82,30.52,41.96,43.02,55.99,55.77,2.32,2.42,0.25,-0.7,-1.06,0.22,-0.1,7.92,93.09
Bruins,BOS,11-12,82,4093.9,57.43,53.13,53.87,54.4,54.06,2.91,2.16,32.43,28.61,44.72,38.29,60.68,50.87,2.34,1.99,0.75,3.82,6.43,9.81,0.35,8.98,92.45
Sabres,BUF,11-12,82,4112.8,50.5,48.5,48.13,49.03,48,2.27,2.23,28.28,30.04,38.76,41.78,52.4,54.48,2.11,2.28,0.04,-1.75,-3.02,-2.08,-0.18,8.03,92.58
Hurricanes,CAR,11-12,82,4059.73,45.39,47.82,48,48.47,47.14,2.09,2.51,29.11,31.77,41.12,44.55,56.01,59.55,2.41,2.71,-0.42,-2.66,-3.43,-3.54,-0.29,7.17,92.1
Blue Jackets,CBJ,11-12,82,3944.93,43.35,46.91,47.22,46.96,48.61,1.98,2.59,27.59,31.22,37.04,41.4,48.49,54.77,2.01,2.12,-0.61,-3.63,-4.36,-6.29,-0.11,7.19,91.7
Flames,CGY,11-12,82,4095.63,48.13,47.06,46.72,47.54,49.51,2.06,2.22,26.75,30.09,36.84,42.01,50.31,55.5,2.14,2.19,-0.16,-3.34,-5.17,-5.2,-0.04,7.71,92.61
Blackhawks,CHI,11-12,82,4091.08,49.92,52.69,52.79,52.9,52.36,2.48,2.49,30.94,27.78,42.27,37.8,56.42,50.24,2.41,2.2,-0.01,3.16,4.46,6.19,0.22,8.03,91.03
Avalanche,COL,11-12,82,4117.88,49.2,50.88,50.15,50.9,50.08,2.12,2.19,30.56,29.5,41.39,41.15,56.24,54.25,2.22,2.22,-0.07,1.06,0.24,1.99,0.01,6.94,92.57
Stars,DAL,11-12,82,4041.37,49.3,49.08,49.46,49.14,48.05,2.23,2.29,28.62,29.7,40.67,41.56,54.77,56.69,2.05,2.21,-0.06,-1.07,-0.89,-1.92,-0.17,7.78,92.29
Red Wings,DET,11-12,82,4018.03,58.78,55.03,55.03,55.1,54.41,2.71,1.9,32.03,26.17,43.6,35.64,57.15,46.57,2.4,2.01,0.81,5.86,7.97,10.59,0.39,8.46,92.74
Oilers,EDM,11-12,82,3998.23,47.1,46.9,47.47,46.85,46.11,2.12,2.38,26.65,30.18,37.6,41.6,50.21,56.94,2.26,2.64,-0.26,-3.53,-4,-6.74,-0.38,7.96,92.1
Panthers,FLA,11-12,82,4118.27,44.98,48.4,49.12,49.14,46.86,1.82,2.22,28.17,30.03,38.85,40.25,51.5,53.3,1.93,2.18,-0.41,-1.86,-1.4,-1.79,-0.26,6.45,92.6
Kings,L.A,11-12,82,3977.25,49.37,54.24,53.79,54.94,52.55,1.82,1.87,30.85,26.03,44.29,38.05,60.03,49.23,2.29,2.06,-0.05,4.82,6.24,10.79,0.22,5.9,92.82
Wild,MIN,11-12,82,4073.15,41.01,45,44.16,43.53,47,1.56,2.24,25.16,30.76,34.86,44.08,46.91,60.85,1.95,2.2,-0.68,-5.59,-9.22,-13.94,-0.25,6.2,92.7
Canadiens,MTL,11-12,82,3944.92,48.57,47.94,47.85,47.98,47.89,2.19,2.32,27.26,29.61,37.73,41.12,52.79,57.24,2.05,2.23,-0.13,-2.35,-3.39,-4.45,-0.18,8.05,92.16
Devils,N.J,11-12,82,4083.3,49.09,50.42,50.76,50.83,52.35,2.11,2.19,26.25,25.81,35.2,34.15,46.26,44.74,2.09,1.9,-0.08,0.44,1.05,1.52,0.19,8.05,91.51
Predators,NSH,11-12,82,4140.5,50.8,47.67,47.34,46.9,49.9,2.31,2.24,27.32,29.99,37.13,41.3,49.06,55.55,2.12,2.13,0.07,-2.67,-4.17,-6.49,-0.01,8.46,92.53
Islanders,NYI,11-12,82,4147.45,42.02,49.1,48.45,47.19,48.83,1.9,2.62,28.38,29.41,38.65,41.12,51.87,58.05,2.44,2.55,-0.72,-1.04,-2.47,-6.17,-0.12,6.7,91.08
Rangers,NYR,11-12,82,4040.62,54.71,50.67,50.05,48.41,51.89,2.36,1.95,27.96,27.22,38.22,38.15,50.47,53.79,2.58,2.39,0.41,0.74,0.07,-3.33,0.19,8.43,92.84
Senators,OTT,11-12,82,3996.93,49.96,49.96,50.38,51.59,48.3,2.45,2.46,30.88,30.93,43.01,42.37,59.09,55.44,2.31,2.47,0,-0.05,0.64,3.65,-0.16,7.95,92.05
Flyers,PHI,11-12,82,3883.45,54.99,52.25,51.43,51.22,52.48,2.75,2.25,31.14,28.46,42.55,40.18,57.64,54.89,2.64,2.39,0.5,2.68,2.37,2.75,0.25,8.82,92.1
Penguins,PIT,11-12,82,4021.35,54.42,55.51,55.25,55.19,53.91,2.9,2.43,33.23,26.63,45.7,37.01,61.09,49.59,2.53,2.16,0.47,6.6,8.69,11.49,0.37,8.72,90.89
Sharks,S.J,11-12,82,4145.07,51.16,53.38,53.13,51.87,53.85,2.11,2.01,32.14,28.07,44.25,39.03,59.33,55.05,2.41,2.06,0.1,4.07,5.22,4.28,0.34,6.57,92.82
Blues,STL,11-12,82,4047.5,57.53,54.43,54.89,54.22,55.2,2.07,1.53,30.7,25.7,43.43,35.69,57.32,48.4,2.43,1.97,0.54,5,7.73,8.92,0.46,6.74,94.06
Lightning,T.B,11-12,82,4055.28,47.98,47.04,46.76,46.27,47.42,2.63,2.85,26.36,29.68,36.44,41.49,49.25,57.19,2.09,2.31,-0.22,-3.32,-5.05,-7.94,-0.23,9.97,90.4
Maple Leafs,TOR,11-12,82,4104.3,47.07,47.45,47.52,48.55,47.89,2.42,2.72,27.4,30.35,39.28,43.38,54.91,58.2,2.27,2.47,-0.3,-2.95,-4.1,-3.29,-0.2,8.83,91.04
Canucks,VAN,11-12,82,4034.17,54.72,51.05,52.42,53.77,48.9,2.47,2.05,30.71,29.45,42.43,38.51,58.31,50.15,2.19,2.29,0.43,1.26,3.92,8.17,-0.1,8.05,93.05
Jets,WPG,11-12,82,4044.35,50.54,51.12,51.17,50.41,50.53,2.43,2.37,30.13,28.81,42.75,40.8,55.9,55,2.48,2.43,0.05,1.32,1.95,0.91,0.05,8.05,91.76
Capitals,WSH,11-12,82,4078.85,50.88,48.48,48.67,48.32,49.57,2.34,2.26,27.38,29.1,38.24,40.32,52.2,55.83,2.06,2.09,0.08,-1.72,-2.08,-3.63,-0.04,8.54,92.24
Ducks,ANA,10-11,82,3992.63,47.86,46.18,45.29,44.65,45.54,2.2,2.4,26.55,30.94,36.88,44.55,47.35,58.69,2.11,2.52,-0.2,-4.39,-7.67,-11.34,-0.41,8.29,92.24
Coyotes,ARI,10-11,82,4002.72,52.4,49.6,49.49,50.37,48.45,2.36,2.15,30.19,30.68,42.73,43.6,56.75,55.92,2.27,2.42,0.22,-0.49,-0.87,0.83,-0.15,7.83,93
Thrashers,ATL,10-11,82,4067.63,46.74,49.21,49.72,48.61,47.6,2.2,2.5,30.41,31.38,41.65,42.12,55.01,58.16,2.33,2.56,-0.31,-0.97,-0.47,-3.14,-0.23,7.22,92.03
Bruins,BOS,10-11,82,4038.38,58.17,50.61,50.71,51.39,50.38,2.63,1.89,32.61,31.83,44.09,42.86,60.18,56.92,2.36,2.33,0.74,0.78,1.23,3.26,0.04,8.07,94.05
Sabres,BUF,10-11,82,4011.17,52.96,52.14,50.86,50.54,51.06,2.61,2.32,32.37,29.71,42.8,41.35,56.43,55.24,2.37,2.27,0.29,2.66,1.45,1.2,0.1,8.06,92.2
Hurricanes,CAR,10-11,81,3903.65,48.87,47.2,47.17,48.57,47.93,2.43,2.55,29.83,33.37,42.41,47.5,58.92,62.4,2.57,2.79,-0.11,-3.54,-5.09,-3.47,-0.22,8.16,92.37
Blue Jackets,CBJ,10-11,82,3965.03,46.78,50.04,50.24,50.06,50.33,2.23,2.54,29.18,29.14,40.22,39.83,53.39,53.26,2.26,2.23,-0.31,0.04,0.39,0.13,0.03,7.65,91.29
Flames,CGY,10-11,82,3981.43,51.45,51.99,52.35,51.52,54,2.45,2.31,29.57,27.31,41.73,37.99,55.91,52.6,2.24,1.91,0.14,2.26,3.74,3.31,0.33,8.29,91.53
Blackhawks,CHI,10-11,82,4084,53.02,54.22,54.16,53.72,52.3,2.5,2.22,31.94,26.97,43.03,36.43,57.17,49.25,2.37,2.16,0.29,4.97,6.61,7.92,0.21,7.84,91.78
Avalanche,COL,10-11,82,3981.57,45.45,46.93,46.42,45.98,48.78,2.27,2.73,27.9,31.55,38.04,43.9,49.83,58.53,2.25,2.36,-0.46,-3.66,-5.86,-8.71,-0.11,8.15,91.35
Stars,DAL,10-11,82,3963.55,51.09,46.54,47.73,47.81,47.81,2.26,2.16,25.81,29.64,37.78,41.38,50.82,55.46,2.02,2.21,0.1,-3.83,-3.6,-4.65,-0.19,8.75,92.7
Red Wings,DET,10-11,82,3983.2,50.92,51.98,52.79,53.3,51.59,2.63,2.53,32.68,30.2,45.93,41.07,59.42,52.06,2.42,2.27,0.09,2.48,4.85,7.35,0.15,8.04,91.62
Oilers,EDM,10-11,82,3923.35,42.86,45.23,44.77,45.3,43.55,1.99,2.65,25.66,31.07,35.58,43.89,49.01,59.19,2.15,2.78,-0.66,-5.41,-8.32,-10.18,-0.64,7.74,91.48
Panthers,FLA,10-11,82,4026.05,46.85,49.17,49.46,49.75,51.09,2.14,2.43,29.77,30.77,41.25,42.15,55.17,55.72,2.3,2.2,-0.29,-1.01,-0.91,-0.55,0.1,7.2,92.09
Kings,L.A,10-11,82,3989.47,51.85,50.86,51.47,52.12,51.92,2.28,2.12,28.11,27.17,40.96,38.62,55.64,51.12,2.19,2.03,0.16,0.95,2.34,4.52,0.16,8.12,92.2
Wild,MIN,10-11,82,3969.78,45.77,44.48,44.7,44.97,44.77,1.98,2.35,24.99,31.19,35.28,43.64,46.93,57.42,1.83,2.26,-0.37,-6.2,-8.37,-10.49,-0.43,7.93,92.47
Canadiens,MTL,10-11,82,3915.35,51.14,51.58,52.1,51.66,49.73,2.2,2.1,31.48,29.55,43.9,40.37,59.42,55.59,2.34,2.36,0.1,1.93,3.53,3.83,-0.03,6.98,92.89
Devils,N.J,10-11,82,4098.9,45.06,51.7,51.86,51.8,51.58,1.81,2.21,27.76,25.93,37.48,34.79,48.77,45.39,2.01,1.89,-0.4,1.83,2.69,3.38,0.12,6.52,91.49
Predators,NSH,10-11,82,4037.83,53.29,48.95,48.97,49.9,50.48,2.33,2.04,28.74,29.97,38.89,40.52,51.9,52.11,2.24,2.2,0.29,-1.23,-1.63,-0.21,0.04,8.1,93.19
Islanders,NYI,10-11,82,3947.92,44.11,46.62,45.92,45.47,45.79,2.24,2.83,27.74,31.77,38.44,45.28,52.37,62.8,2.43,2.88,-0.6,-4.02,-6.83,-10.43,-0.45,8.06,91.08
Rangers,NYR,10-11,82,3999.18,52.16,49.73,50.11,48.94,53.18,2.31,2.12,28.84,29.15,40.09,39.92,53.27,55.58,2.87,2.52,0.19,-0.31,0.17,-2.31,0.34,8.02,92.72
Senators,OTT,10-11,82,3993.95,40.89,48.89,48.74,49.03,47.87,1.91,2.77,28.74,30.04,39.3,41.33,52.68,54.77,2.18,2.37,-0.85,-1.3,-2.02,-2.09,-0.19,6.66,90.78
Flyers,PHI,10-11,82,3913.78,55.41,51.87,50.91,50.37,51.57,2.78,2.24,32.04,29.73,43.3,41.75,58.13,57.27,2.66,2.5,0.54,2.31,1.54,0.86,0.16,8.67,92.48
Penguins,PIT,10-11,82,3904.48,53.86,53.12,53.09,53.61,51.83,2.34,2.01,31.57,27.86,43.32,38.27,59,51.05,2.25,2.1,0.34,3.71,5.04,7.95,0.16,7.43,92.79
Sharks,S.J,10-11,82,4050.18,54.38,53.95,54.27,54.13,56.38,2.4,2.01,32.33,27.59,45.14,38.03,60.64,51.39,2.68,2.08,0.39,4.74,7.11,9.26,0.61,7.41,92.71
Blues,STL,10-11,82,4013.25,50.13,52.21,52.5,52.24,50.9,2.5,2.49,29.76,27.24,42.26,38.24,56.26,51.44,2.31,2.23,0.01,2.52,4.02,4.83,0.08,8.4,90.87
Lightning,T.B,10-11,82,3928.47,50.18,53.35,53.14,52.12,55.16,2.43,2.41,31.42,27.47,43.3,38.18,57.54,52.85,2.44,1.98,0.02,3.95,5.12,4.69,0.46,7.73,91.23
Maple Leafs,TOR,10-11,82,3936.07,48.42,46.81,46.6,47.1,46.95,2.32,2.47,27.62,31.39,39.33,45.08,55.26,62.05,2.11,2.39,-0.15,-3.77,-5.75,-6.79,-0.27,8.39,92.14
Canucks,VAN,10-11,82,3948.78,56.37,52.44,53.11,53.44,50.39,2.53,1.96,31.58,28.65,44.01,38.85,59.2,51.58,2.37,2.33,0.57,2.94,5.16,7.62,0.04,8.01,93.16
Capitals,WSH,10-11,81,3957.87,52.54,51.55,51.21,51.31,51.83,2.27,2.05,29.77,27.98,41.15,39.2,57.16,54.24,2.33,2.17,0.22,1.8,1.95,2.92,0.16,7.61,92.69
Ducks,ANA,09-10,82,3939.43,50.41,47.45,47.07,47.71,46.54,2.3,2.26,28.7,31.78,39.68,44.63,50.87,55.74,2.22,2.55,0.04,-3.09,-4.94,-4.87,-0.33,8.02,92.88
Coyotes,ARI,09-10,82,3934.4,53.67,52.15,51.7,52.18,51.46,2.32,2,30.52,28,42.57,39.77,55.75,51.1,2.24,2.11,0.32,2.52,2.8,4.65,0.13,7.6,92.85
Thrashers,ATL,09-10,82,3856.9,47.52,46.75,47.19,47.81,46.16,2.52,2.79,28.67,32.65,38.61,43.21,51.7,56.43,2.29,2.67,-0.26,-3.98,-4.6,-4.74,-0.38,8.8,91.47
Bruins,BOS,09-10,82,4093.75,48.95,52.02,52.63,52.9,52.08,2.03,2.12,30.89,28.49,42.15,37.94,56.13,49.97,2.18,2.01,-0.09,2.4,4.22,6.16,0.17,6.57,92.58
Sabres,BUF,09-10,82,3943.72,51.45,50.83,50.34,50.64,49.38,2.45,2.31,31.5,30.48,42.33,41.76,55.22,53.84,2.29,2.34,0.14,1.03,0.57,1.39,-0.06,7.77,92.42
Hurricanes,CAR,09-10,81,3835.8,47.68,47.93,47.51,48.53,46.35,2.3,2.52,28.35,30.8,40.02,44.21,54.83,58.15,2.4,2.78,-0.22,-2.45,-4.2,-3.31,-0.38,8.1,91.82
Blue Jackets,CBJ,09-10,81,3872.03,44.17,47.96,46.99,47.08,47.36,2.11,2.66,27.33,29.65,35.82,40.42,46.62,52.41,1.95,2.17,-0.56,-2.32,-4.59,-5.79,-0.22,7.7,91.03
Flames,CGY,09-10,82,3953.78,50.08,50.64,51.28,52.24,50.76,2.13,2.12,28.3,27.58,40.69,38.65,55.51,50.74,2.06,2,0.01,0.72,2.03,4.77,0.06,7.51,92.32
Blackhawks,CHI,09-10,82,4060.47,56.04,59.17,59.13,58.04,57.76,2.86,2.24,34.11,23.54,46.07,31.84,60.43,43.68,2.63,1.92,0.62,10.57,14.23,16.75,0.71,8.39,90.47
Avalanche,COL,09-10,82,3944.65,51.24,46.62,46.22,45.05,48.42,2.41,2.29,27,30.92,36.37,42.32,46.9,57.22,2.15,2.29,0.12,-3.92,-5.95,-10.32,-0.14,8.91,92.59
Stars,DAL,09-10,81,3938.92,48.25,48.5,47.79,47.76,48.82,2.24,2.4,28.66,30.44,39.61,43.28,52.05,56.93,2.11,2.21,-0.16,-1.77,-3.67,-4.88,-0.1,7.81,92.11
Red Wings,DET,09-10,82,4021.8,48.04,52.41,53.19,53.92,52.36,2.17,2.35,31.82,28.89,44.42,39.09,58.19,49.73,2.37,2.16,-0.18,2.93,5.33,8.46,0.21,6.82,91.88
Oilers,EDM,09-10,82,3969.32,42.45,45.56,44.76,44.14,45.34,2.16,2.93,27.52,32.88,38.07,46.99,49.8,63.03,2.2,2.65,-0.77,-5.36,-8.92,-13.23,-0.45,7.86,91.08
Panthers,FLA,09-10,82,3982.08,48.49,44.88,45.57,44.44,45.61,2.14,2.27,27.34,33.59,38.03,45.43,49.81,62.26,2.08,2.48,-0.13,-6.25,-7.39,-12.45,-0.4,7.83,93.23
Kings,L.A,09-10,82,3971.18,51.8,51.44,51.05,50.67,51.73,2.24,2.09,27.85,26.29,39.79,38.15,51.48,50.12,2.19,2.04,0.16,1.56,1.63,1.36,0.15,8.05,92.06
Wild,MIN,09-10,82,3931.42,47.02,47.14,47.74,47.35,50.23,2.15,2.43,26.09,29.25,37.05,40.55,48.73,54.17,2,1.99,-0.27,-3.17,-3.51,-5.45,0.02,8.26,91.7
Canadiens,MTL,09-10,82,4036.3,49.09,46.6,46.91,47.04,46.83,2.08,2.16,27.01,30.95,38.07,43.09,52.58,59.19,2.09,2.37,-0.08,-3.94,-5.02,-6.61,-0.28,7.7,93.03
Devils,N.J,09-10,82,4093.77,52.04,51.94,52.12,51.27,51.52,2.13,1.96,28.99,26.82,38.91,35.73,50.1,47.62,2.14,2.01,0.17,2.17,3.17,2.48,0.13,7.34,92.69
Predators,NSH,09-10,82,4059.1,51.35,50.8,51.59,51.56,50.39,2.3,2.18,29.63,28.69,41.77,39.2,54.7,51.39,2.27,2.24,0.12,0.94,2.58,3.31,0.03,7.77,92.4
Islanders,NYI,09-10,81,3890.58,46.46,48.44,48.27,47.28,48.91,2.3,2.65,29.37,31.27,40.4,43.29,54.21,60.45,2.53,2.64,-0.35,-1.89,-2.89,-6.23,-0.11,7.83,91.53
Rangers,NYR,09-10,82,3921.12,50.39,49.71,49.85,50.14,48.99,2.29,2.25,29.18,29.52,40.71,40.96,55.09,54.79,2.64,2.75,0.04,-0.34,-0.25,0.3,-0.11,7.85,92.37
Senators,OTT,09-10,82,3945.13,46.93,52.08,51.97,51.46,52.56,2.27,2.57,29.09,26.77,40.12,37.08,54.15,51.06,2.38,2.14,-0.3,2.32,3.04,3.08,0.23,7.81,90.41
Flyers,PHI,09-10,82,3854.13,50.15,51.81,52.05,51.31,53.21,2.33,2.32,30.9,28.74,43,39.6,57.39,54.45,2.69,2.37,0.01,2.16,3.39,2.93,0.33,7.54,91.94
Penguins,PIT,09-10,81,3822.28,52.11,53.57,52.88,52.29,53.31,2.74,2.52,32.2,27.91,44.77,39.9,59.05,53.89,2.54,2.23,0.22,4.29,4.88,5.16,0.32,8.52,90.97
Sharks,S.J,09-10,81,3889.45,54.5,50.28,50.76,51.57,51.77,2.63,2.2,30.35,30.01,42.85,41.57,57.38,53.88,2.53,2.36,0.43,0.34,1.28,3.5,0.17,8.67,92.68
Blues,STL,09-10,82,3852.92,50.02,50.28,50.32,50.76,48.99,2.36,2.36,29.36,29.04,41.12,40.59,53.94,52.33,2.3,2.4,0,0.32,0.53,1.61,-0.09,8.05,91.87
Lightning,T.B,09-10,82,3879.98,45.4,47.38,47.26,46.94,47.93,2.17,2.61,27.48,30.53,37.72,42.09,49.2,55.61,2.19,2.38,-0.44,-3.04,-4.37,-6.41,-0.19,7.89,91.46
Maple Leafs,TOR,09-10,82,3966.15,47.53,51.88,51.86,51.72,52.66,2.34,2.58,31.62,29.33,44.83,41.62,61.2,57.13,2.55,2.29,-0.24,2.3,3.21,4.07,0.26,7.39,91.2
Canucks,VAN,09-10,82,3884.75,55.77,51.23,51.48,52.02,50.81,2.75,2.18,30.05,28.6,41.7,39.31,54.92,50.64,2.32,2.25,0.57,1.44,2.39,4.28,0.07,9.14,92.39
Capitals,WSH,09-10,82,3963.48,59.87,52.45,52.47,53.9,52.26,3.24,2.17,32.34,29.33,44.63,40.43,62.74,53.66,2.59,2.37,1.07,3.02,4.2,9.08,0.22,10.02,92.59
Ducks,ANA,08-09,82,3799.63,52.63,50.2,50.55,51.13,51.04,2.39,2.15,28.55,28.31,40.18,39.3,50.57,48.34,2.23,2.14,0.24,0.23,0.88,2.23,0.09,8.39,92.39
Coyotes,ARI,08-09,81,3867.75,44.89,45.59,45.09,44.94,45.2,2.08,2.55,26.5,31.64,36.51,44.46,48.42,59.32,1.91,2.31,-0.47,-5.13,-7.95,-10.9,-0.4,7.84,91.93
Thrashers,ATL,08-09,82,3773.65,47.38,45.36,45.98,45.75,46.2,2.44,2.71,26.82,32.3,36.9,43.37,47.84,56.74,2.28,2.66,-0.27,-5.48,-6.46,-8.9,-0.38,9.11,91.59
Bruins,BOS,08-09,81,3889.17,59.25,50.43,51.33,51.68,51.21,2.64,1.81,29.68,29.18,40.86,38.73,54.33,50.8,2.32,2.21,0.82,0.5,2.12,3.53,0.11,8.89,93.78
Sabres,BUF,08-09,82,3840.05,50.38,50.27,49.82,49.59,50.85,2.43,2.39,30.47,30.14,40.73,41.03,52.96,53.84,2.13,2.06,0.04,0.33,-0.29,-0.88,0.07,7.98,92.06
Hurricanes,CAR,08-09,82,3835.7,51.41,52.77,52.48,52.17,51.2,2.32,2.19,32.24,28.85,45.25,40.97,60.22,55.21,2.52,2.4,0.13,3.39,4.28,5.01,0.12,7.2,92.4
Blue Jackets,CBJ,08-09,82,3880.12,53.5,52.02,51.99,51.66,51.88,2.5,2.18,28.4,26.19,38.4,35.46,50.19,46.97,2.06,1.91,0.33,2.21,2.94,3.22,0.15,8.82,91.69
Flames,CGY,08-09,81,3693.57,51.55,53.51,53.65,55.72,53.43,2.71,2.55,32.44,28.18,45.23,39.07,60.5,48.09,2.49,2.17,0.16,4.26,6.16,12.41,0.32,8.36,90.95
Blackhawks,CHI,08-09,82,3830.15,55.66,54.88,55.56,55.92,54.13,2.55,2.03,32.67,26.85,43.43,34.74,54.9,43.28,2.4,2.03,0.52,5.82,8.69,11.62,0.37,7.8,92.44
Avalanche,COL,08-09,82,3900.4,42.89,48.73,47.16,45.76,48.76,1.98,2.63,27.47,28.9,37.08,41.55,48.67,57.68,1.97,2.07,-0.66,-1.43,-4.47,-9.01,-0.1,7.19,90.89
Stars,DAL,08-09,82,3840.48,48.89,49.69,50.35,49.82,49.01,2.45,2.56,27.65,28,39.59,39.04,50.62,51,2.05,2.13,-0.11,-0.35,0.56,-0.38,-0.08,8.85,90.87
Red Wings,DET,08-09,81,3821.82,54.06,56.85,56.77,58.11,53.49,2.78,2.36,34.91,26.5,47.01,35.8,60.84,43.87,2.28,1.98,0.42,8.41,11.21,16.98,0.3,7.96,91.09
Oilers,EDM,08-09,82,3805.68,50.42,46.66,46.7,47.07,47.87,2.4,2.36,27.5,31.43,38.28,43.69,51.13,57.49,2.26,2.46,0.04,-3.94,-5.41,-6.36,-0.2,8.73,92.49
Panthers,FLA,08-09,82,3904.92,51.28,45.68,45.95,46.86,47.84,2.43,2.31,28.76,34.21,39.38,46.32,52.09,59.06,2.26,2.46,0.12,-5.44,-6.94,-6.97,-0.2,8.46,93.24
Kings,L.A,08-09,82,3769.95,45.54,50.06,50.62,50.56,51.4,1.89,2.26,27.86,27.8,40.51,39.51,53.06,51.9,2.22,2.1,-0.37,0.06,1,1.17,0.12,6.8,91.86
Wild,MIN,08-09,82,3901.67,46.65,46.8,47.31,47.25,47.32,1.97,2.25,26.11,29.67,36.71,40.89,48.2,53.81,1.78,1.98,-0.28,-3.57,-4.18,-5.62,-0.2,7.55,92.4
Canadiens,MTL,08-09,82,3794.8,49.82,47.7,47.53,47.87,47.98,2.42,2.44,28.82,31.6,39.3,43.39,54.15,58.96,2.32,2.52,-0.02,-2.78,-4.09,-4.81,-0.2,8.41,92.28
Devils,N.J,08-09,82,3917.52,55.36,52.84,53.08,53.1,53.53,2.37,1.91,31.68,28.28,42.6,37.66,55.62,49.13,2.3,2,0.46,3.4,4.94,6.49,0.3,7.49,93.23
Predators,NSH,08-09,82,3863.32,48.73,48.81,48.78,48.91,47.33,2.15,2.26,28.22,29.6,39.06,41.01,50.45,52.7,2.13,2.37,-0.11,-1.38,-1.95,-2.25,-0.24,7.61,92.36
Islanders,NYI,08-09,82,3816.1,40.83,45.95,45.01,45.07,45.59,1.93,2.8,28.14,33.09,37.91,46.31,52.6,64.09,2.22,2.65,-0.87,-4.96,-8.4,-11.49,-0.43,6.86,91.54
Rangers,NYR,08-09,82,3853.03,46.98,52.47,52.59,53.05,50.27,2.07,2.34,32,28.99,44.43,40.05,58.73,51.98,2.72,2.69,-0.27,3.01,4.37,6.75,0.03,6.48,91.92
Senators,OTT,08-09,82,3830.87,47.37,49.75,49.46,49.06,49.39,2.06,2.29,27.88,28.16,37.91,38.74,50.59,52.52,2.09,2.14,-0.23,-0.28,-0.83,-1.93,-0.05,7.39,91.87
Flyers,PHI,08-09,82,3829.57,49.28,48.55,48.36,47.84,48.74,2.47,2.54,29.81,31.59,40.59,43.34,53.84,58.71,2.37,2.49,-0.07,-1.78,-2.75,-4.87,-0.12,8.28,91.96
Penguins,PIT,08-09,82,3820.05,54.21,49.04,49.12,48.17,50.65,2.79,2.36,28.13,29.23,38.99,40.39,51.93,55.88,2.19,2.14,0.43,-1.1,-1.39,-3.95,0.06,9.93,91.93
Sharks,S.J,08-09,82,3910.17,51.71,55.21,55.1,54.77,54.43,2.15,2.01,31.68,25.7,43.18,35.19,56.49,46.64,2.43,2.03,0.14,5.98,7.99,9.85,0.4,6.8,92.18
Blues,STL,08-09,82,3780.63,48.15,49.15,49.16,48.08,49.83,2.18,2.35,26.92,27.85,38.07,39.37,48.35,52.21,2.09,2.11,-0.17,-0.93,-1.3,-3.87,-0.01,8.11,91.56
Lightning,T.B,08-09,82,3769.67,45.35,46.43,46.64,46.62,47.91,2.09,2.52,27.4,31.62,37.23,42.58,48.81,55.88,2.04,2.22,-0.43,-4.22,-5.36,-7.07,-0.18,7.64,92.02
Maple Leafs,TOR,08-09,81,3901.4,47.29,50.06,49.47,49.16,48.82,2.58,2.87,29.91,29.85,42.57,43.49,56.84,58.78,2.31,2.43,-0.3,0.07,-0.92,-1.94,-0.11,8.62,90.37
Canucks,VAN,08-09,81,3705.7,55.87,49.22,49.19,49.67,49.73,2.49,1.97,27.49,28.36,38.24,39.5,50.42,51.09,2.23,2.25,0.52,-0.87,-1.26,-0.67,-0.02,9.07,93.06
Capitals,WSH,08-09,82,3831.18,52.6,54.85,55.24,55.6,55.21,2.51,2.26,33.2,27.33,46.19,37.42,63.25,50.5,2.69,2.18,0.25,5.87,8.77,12.75,0.51,7.55,91.73
Ducks,ANA,07-08,82,3747.72,54.21,50.12,50.78,51.38,48.9,1.9,1.61,26.2,26.07,36.56,35.45,46.41,43.92,1.91,2,0.29,0.13,1.12,2.49,-0.09,7.25,93.84
Coyotes,ARI,07-08,82,3860.7,47.68,49.45,48.72,48.59,47.3,1.95,2.14,30.1,30.76,40.72,42.86,51.98,54.99,2.1,2.34,-0.19,-0.67,-2.14,-3.01,-0.24,6.47,93.06
Thrashers,ATL,07-08,82,3879.47,41.77,41.58,41.71,41.86,43.15,1.95,2.72,24.07,33.81,32.02,44.76,41.82,58.08,1.85,2.44,-0.77,-9.74,-12.73,-16.26,-0.59,8.1,91.96
Bruins,BOS,07-08,81,3841.8,50.61,49.71,50.64,51.43,48.52,2.01,1.96,28.37,28.7,39.31,38.32,51.6,48.72,1.97,2.09,0.05,-0.33,0.99,2.88,-0.12,7.08,93.17
Sabres,BUF,07-08,81,3760.13,51.04,50.72,49.94,49.17,50.25,2.61,2.51,29.03,28.21,38.57,38.65,49.85,51.53,2.12,2.1,0.11,0.82,-0.09,-1.68,0.02,9,91.11
Hurricanes,CAR,07-08,82,3689.98,50.8,53.1,52.3,52.15,51.32,2.51,2.43,32.14,28.39,43.86,40.01,58.29,53.47,2.51,2.38,0.08,3.75,3.86,4.81,0.13,7.8,91.44
Blue Jackets,CBJ,07-08,82,3760.85,47.09,51.94,52.46,52.14,53.57,1.91,2.15,28.5,26.38,38.23,34.64,49.24,45.2,2.02,1.75,-0.24,2.12,3.59,4.04,0.27,6.72,91.84
Flames,CGY,07-08,82,3749.43,52.41,50.36,51.13,52.78,53.01,2.4,2.18,27.74,27.34,39.22,37.48,51.6,46.16,2.25,1.99,0.22,0.4,1.74,5.44,0.26,8.66,92.02
Blackhawks,CHI,07-08,81,3660,51.25,49.79,50.1,50.13,49.03,2.44,2.32,27.93,28.17,35.91,35.77,45.95,45.71,2.1,2.18,0.12,-0.24,0.14,0.24,-0.08,8.75,91.75
Avalanche,COL,07-08,82,3875.07,52.93,50.72,49.33,47.9,52.71,2.45,2.18,27.88,27.08,36.77,37.76,46.9,51.01,2.24,2.01,0.27,0.79,-0.99,-4.11,0.23,8.8,91.94
Stars,DAL,07-08,82,3764.03,51.77,50.81,50.77,52,50.66,2.3,2.14,26.23,25.4,36.71,35.6,48.65,44.91,1.95,1.9,0.16,0.83,1.11,3.74,0.05,8.77,91.56
Red Wings,DET,07-08,82,3755.38,58.16,59.53,59.71,59.68,56.76,2.4,1.72,33.34,22.66,46.11,31.12,58.17,39.3,2.33,1.78,0.67,10.67,14.99,18.87,0.56,7.19,92.39
Oilers,EDM,07-08,82,3819.52,46.98,46.22,46.1,45.87,47.6,2.31,2.61,26.24,30.53,36.86,43.1,48.37,57.08,2.15,2.37,-0.3,-4.29,-6.23,-8.72,-0.22,8.8,91.46
Panthers,FLA,07-08,82,3840.07,49.32,47.81,47.94,48.75,47.11,2.14,2.2,30.01,32.76,40.66,44.14,52.54,55.24,2.08,2.33,-0.06,-2.75,-3.49,-2.7,-0.25,7.14,93.28
Kings,L.A,07-08,82,3808.77,43.8,45.02,44.56,44.83,44.87,2.21,2.84,26.54,32.42,36.98,46.01,48.21,59.32,2.15,2.64,-0.63,-5.88,-9.03,-11.11,-0.49,8.33,91.25
Wild,MIN,07-08,81,3814.23,50.13,46.72,47.75,48.71,47.54,2.25,2.24,25.64,29.25,36.71,40.18,48.54,51.12,1.75,1.93,0.01,-3.6,-3.47,-2.58,-0.18,8.76,92.35
Canadiens,MTL,07-08,82,3797.75,50.74,47.36,47.26,46.92,47.4,2.33,2.26,27.46,30.53,38.3,42.73,52.02,58.85,2.11,2.34,0.07,-3.06,-4.43,-6.83,-0.23,8.48,92.6
Devils,N.J,07-08,82,3881.17,52.09,51.44,52.05,52.47,52.24,2.06,1.89,27.42,25.89,38.03,35.03,49.89,45.19,2.1,1.92,0.17,1.53,2.99,4.7,0.18,7.5,92.69
Predators,NSH,07-08,82,3780.92,49.83,49.33,50.21,50.64,51.31,2.44,2.45,29.34,30.14,40.22,39.89,51.69,50.39,2.36,2.24,-0.02,-0.8,0.34,1.31,0.12,8.3,91.86
Islanders,NYI,07-08,82,3766.78,46.38,50.12,49.32,49.51,50.08,1.96,2.26,29.3,29.16,39.56,40.66,53.21,54.25,2.39,2.38,-0.3,0.14,-1.1,-1.04,0.01,6.67,92.25
Rangers,NYR,07-08,82,3834.03,52.66,55.17,55.44,54.49,52.1,2.11,1.9,30.44,24.73,42.38,34.06,54.64,45.63,2.39,2.2,0.21,5.71,8.32,9.01,0.19,6.93,92.33
Senators,OTT,07-08,82,3773.65,52.47,50.94,50.74,51.61,50.06,2.7,2.45,29.92,28.81,40.6,39.42,54.45,51.05,2.32,2.32,0.25,1.11,1.18,3.4,0.01,9.03,91.51
Flyers,PHI,07-08,82,3717.18,48.03,46.53,46.92,46.63,48.64,2.19,2.37,27.68,31.81,37.96,42.95,50.04,57.27,2.22,2.34,-0.18,-4.13,-4.99,-7.23,-0.12,7.93,92.54
Penguins,PIT,07-08,82,3713.33,54.07,46.97,46.67,45.89,50.85,2.34,1.99,26.82,30.27,37.22,42.54,47.73,56.28,2.18,2.11,0.35,-3.46,-5.32,-8.55,0.07,8.73,93.43
Sharks,S.J,07-08,82,3830,52.22,55.83,55.75,54.62,56.63,2.12,1.94,28.74,22.74,40.16,31.88,52.06,43.25,2.35,1.8,0.18,6,8.28,8.81,0.55,7.37,91.47
Blues,STL,07-08,82,3797.9,48.65,49.64,48.55,47.5,47.31,2.23,2.36,26.52,26.91,36.39,38.56,45.58,50.38,1.95,2.17,-0.12,-0.39,-2.18,-4.8,-0.22,8.42,91.24
Lightning,T.B,07-08,82,3921.03,43.92,50.19,49.94,49.36,49.7,2.16,2.75,27.65,27.45,37.89,37.99,49.78,51.07,2.03,2.06,-0.6,0.2,-0.1,-1.29,-0.02,7.79,89.97
Maple Leafs,TOR,07-08,82,3767.62,49.38,51.66,51.37,51.18,49.72,2.45,2.51,30.07,28.14,42.37,40.12,55.51,52.95,2.3,2.32,-0.06,1.93,2.25,2.56,-0.03,8.14,91.09
Canucks,VAN,07-08,82,3775.43,49.79,48.16,48.07,47.79,47.79,2.07,2.08,25.86,27.84,36.5,39.44,47.1,51.45,1.93,2.11,-0.02,-1.98,-2.94,-4.35,-0.18,7.99,92.52
Capitals,WSH,07-08,82,3805.92,53.37,54.73,55.5,55.92,55.11,2.51,2.19,31.22,25.83,43.83,35.15,59.01,46.52,2.41,1.97,0.32,5.4,8.68,12.49,0.45,8.04,91.51
